source,target,rho,p_value,n,q_value,fdr_significant
V07,V08,0.6515259709690224,1.4547926907394508e-11,85,2.574983062608828e-08,True
V08,V10,0.6334183060921686,7.739421333096601e-11,85,6.849387879790492e-08,True
V05,V07,0.5908880260888155,2.6303906347919394e-09,85,1.551930474527244e-06,True
V09,V13,0.5626914383514261,2.0837531504607372e-08,85,6.610536583890311e-06,True
V10,V12,0.5654151358211258,2.098055185330056e-08,84,6.610536583890311e-06,True
E14,E15,0.555197096230678,2.392973882413384e-08,87,6.610536583890311e-06,True
V13,V14,0.5594334505093526,2.614336502103513e-08,85,6.610536583890311e-06,True
T10,S05,0.5474598884899126,4.0819504294413636e-08,87,9.031315325139017e-06,True
V08,V12,0.538548012696603,1.2628808764392387e-07,84,2.483665723663836e-05,True
E07,E10,0.525911944424929,1.6859170882588307e-07,87,2.9840732462181303e-05,True
S13,V10,0.5152574875661996,4.516565859780637e-07,85,7.267565065283389e-05,True
V05,V06,0.5158684543418053,5.111235292900897e-07,84,7.337007902950989e-05,True
S09,S14,0.5176951456469692,5.388762866574173e-07,83,7.337007902950989e-05,True
S06,S09,0.49883512168880956,1.1798973679255074e-06,85,0.0001429973671294091,True
T12,T13,0.4899759790148621,1.2644945853867058e-06,88,0.0001429973671294091,True
S11,V06,0.4998544056809194,1.2926315672714948e-06,84,0.0001429973671294091,True
V07,V09,0.49532068906207316,1.4397951504920208e-06,85,0.00014990808331593393,True
V07,V13,0.4931461467844643,1.6267303823471958e-06,85,0.00015996182093080757,True
V07,V12,0.4905984156602722,2.1637546153595186e-06,84,0.00018800177197528223,True
E07,V07,0.48760510419883396,2.211916622283384e-06,85,0.00018800177197528223,True
T02,E12,0.482390205894926,2.230529498011823e-06,87,0.00018800177197528223,True
S09,S11,0.4837457574906236,2.7311729727952686e-06,85,0.00021213551912508964,True
S07,S09,0.4861525401536584,2.7565632428683962e-06,84,0.00021213551912508964,True
V06,V07,0.4836307310043154,3.1576572680403915e-06,84,0.00022800640754785145,True
S01,S03,0.47817021015290884,3.220429485139145e-06,86,0.00022800640754785145,True
T11,S14,0.4849967683586042,3.880696824490801e-06,82,0.0002641858992057199,True
S09,V03,0.4764775900174368,4.615119877425214e-06,84,0.0002957892748697371,True
V05,V15,0.47326451118851726,4.780973593422899e-06,85,0.0002957892748697371,True
V03,V10,0.4730062593667862,4.846264955492868e-06,85,0.0002957892748697371,True
E07,E12,0.4640923158012542,5.966395944514105e-06,87,0.0003520173607263322,True
S15,V12,0.47025570365598696,7.265945253724152e-06,83,0.00041486203545457255,True
S14,V13,0.47204880799938137,7.565310459251678e-06,82,0.0004163455902011069,True
V07,V14,0.4630615129082052,8.103088774293968e-06,85,0.0004163455902011069,True
S14,V09,0.4704360880172321,8.205748180465585e-06,82,0.0004163455902011069,True
V06,V12,0.46775988624294723,8.24481554866576e-06,83,0.0004163455902011069,True
S13,S14,0.4646918985374182,8.468045902395394e-06,84,0.0004163455902011069,True
T10,T12,0.4463300395096801,1.0374882618472216e-05,90,0.0004963119522890763,True
V01,V02,0.4593297728235698,1.107955322077837e-05,84,0.0005160739263362557,True
S06,V10,0.45610814374352643,1.1498780643452044e-05,85,0.0005161741550200263,True
E11,S11,0.4509917996132394,1.1664952655819803e-05,87,0.0005161741550200263,True
V08,V13,0.454883291236207,1.2220394416455081e-05,85,0.0005275633687103779,True
S09,S13,0.4541528896474466,1.2670672625570942e-05,85,0.0005339783463633468,True
V07,V15,0.4528559760703419,1.3508711387509222e-05,85,0.0005560562594393331,True
S06,V08,0.45205743487354405,1.4050236161962638e-05,85,0.0005652026819698607,True
E07,V08,0.44734479771923735,1.768297130151791e-05,85,0.0006955302045263711,True
V03,V04,0.4435487810924457,1.892253381898933e-05,86,0.0007281061926002416,True
S14,S15,0.44855568126855494,2.110852279465876e-05,83,0.0007949379860967235,True
S01,S14,0.4480971050379555,2.1572965764456853e-05,83,0.0007955031125643465,True
V06,V15,0.4445654043574991,2.2698438892618997e-05,84,0.0008199232008150128,True
S13,V03,0.43808214078385427,2.460082997095753e-05,86,0.0008611779059696264,True
V03,V12,0.4426825978389813,2.481360068048076e-05,84,0.0008611779059696264,True
S02,S04,0.43196499361420093,2.944354797715974e-05,87,0.0010022130753763988,True
V11,V14,0.4372201104823222,3.2038051977018366e-05,84,0.0010699500377230663,True
V04,V06,0.4364974304255897,3.312884309990527e-05,84,0.0010858898571635617,True
V07,V10,0.4332527208864367,3.447777214627916e-05,85,0.0011095573945257113,True
S09,V14,0.43337462165125584,4.268348592877035e-05,83,0.0013163302187339982,True
E05,E06,0.4307626555182332,4.3095080127396004e-05,84,0.0013163302187339982,True
S02,V10,0.4283821399762712,4.313398456868469e-05,85,0.0013163302187339982,True
T12,S13,0.4237249549280872,4.7986483920677324e-05,86,0.0013951838227001755,True
E11,V09,0.4257169291997031,4.868838591584335e-05,85,0.0013951838227001755,True
V01,V13,0.4280034541319728,4.882650757639101e-05,84,0.0013951838227001755,True
S02,S15,0.42332329979994887,4.887084576689881e-05,86,0.0013951838227001755,True
V08,V14,0.42350151772169764,5.380454878724705e-05,85,0.0014945149028891473,True
V04,V08,0.42284305980559245,5.5418934124885784e-05,85,0.0014945149028891473,True
E10,E15,0.41826865801679186,5.5451253694481704e-05,87,0.0014945149028891473,True
V12,V14,0.4250557968397263,5.572767434501905e-05,84,0.0014945149028891473,True
S03,S09,0.42210047545599566,5.7293566687556935e-05,85,0.0015135763139847132,True
S09,S15,0.4234118867049065,5.9959963706627276e-05,84,0.0015544977229364778,True
S11,V07,0.42084447412363307,6.0599063775489806e-05,85,0.0015544977229364778,True
V06,V09,0.42251454887702705,6.23943443991991e-05,84,0.0015776855655226059,True
S09,V09,0.4240851288402717,6.461504367660837e-05,83,0.0016108257367267156,True
E15,V02,0.41859583021209884,6.69635625691644e-05,85,0.0016461875798252916,True
E12,E14,0.41207885705472547,7.31674766602073e-05,87,0.001764600294406379,True
V09,V15,0.41639961069280834,7.377424959665087e-05,85,0.001764600294406379,True
S07,V12,0.42054720246772503,7.543048787362093e-05,83,0.0017729388621169088,True
V05,V12,0.4179911150361837,7.612618842987856e-05,84,0.0017729388621169088,True
E15,S07,0.41211290018766444,8.061350511314301e-05,86,0.0018530636889644563,True
S11,V14,0.41297413835338986,8.569158624440577e-05,85,0.001944539841699977,True
E11,V07,0.41221894824382543,8.854855465753315e-05,85,0.001974006306726587,True
S09,V10,0.41666399411216554,8.92206240328401e-05,83,0.001974006306726587,True
S15,V10,0.41344780386397406,9.269886933712743e-05,84,0.002025641959589081,True
V03,V15,0.41031187909217787,9.616107173621323e-05,85,0.002075671914306066,True
E11,E15,0.4046992319337703,0.00010111803453041237,87,0.0021438219850858885,True
E03,E10,-0.40455752926674554,0.00010174070437695743,87,0.0021438219850858885,True
S03,S04,0.4038098193875607,0.00010508556031843782,87,0.002175366119885299,True
S14,V12,0.4174382425372945,0.0001056957549774778,81,0.002175366119885299,True
E15,V15,0.407567508999907,0.0001081848449111451,85,0.0022010020171577796,True
E07,S06,0.4021406867919183,0.00011292335303046546,87,0.0022712992598173166,True
S06,V07,0.40527203117344174,0.00011929582265306115,85,0.0023725124280440254,True
S10,S12,0.409317316450986,0.00012190135474247717,83,0.0023973933099353845,True
E10,S06,0.3963513436153727,0.00014450076714166837,87,0.0028106193169313517,True
E07,S11,0.3941230070451639,0.00015869629116028853,87,0.0030531786451490294,True
S13,V08,0.39755990671287006,0.000164831334110883,85,0.0031163655929267627,True
S07,V04,0.3971547018964132,0.00016761891779093144,85,0.0031163655929267627,True
S09,V11,0.403783813261168,0.00016870207461458628,82,0.0031163655929267627,True
S03,S13,0.39261491953948924,0.00016902321859941764,87,0.0031163655929267627,True
S10,V15,0.402263097782652,0.00017946908667645814,82,0.003274848282652896,True
V10,V13,0.39409776094978755,0.00019009426582180576,85,0.0033864961424759027,True
V04,V15,0.3940868304381654,0.0001901793954215058,85,0.0033864961424759027,True
T03,T12,0.38752524010859923,0.00019132746567660468,88,0.0033864961424759027,True
S10,S13,0.39589907857736883,0.00019329059124756386,84,0.003387369767407802,True
S09,V04,0.39541047734073903,0.0001971721576552715,84,0.0034215168534297113,True
S04,S14,0.394352824592791,0.0002058218194268816,84,0.0035369380619959265,True
E07,E14,0.3875985262585227,0.00020800841139662814,87,0.0035401431555003057,True
E10,E12,0.3863954012567695,0.00021851712455321333,87,0.0036835743853255963,True
S10,V08,0.3968801855863347,0.00022287969173857855,82,0.0037216703243140004,True
V02,V04,0.38987713815129604,0.00022571046211700057,85,0.0037337151210008503,True
E06,S10,0.3939849266435431,0.00022854703487622613,83,0.0037404042128360952,True
T11,S10,0.39605385813302324,0.00023034127638369174,82,0.0037404042128360952,True
S03,V03,0.38682970798829797,0.00023402595627522205,86,0.0037656903873376636,True
T12,S05,0.38638650433952904,0.00023826002054574277,86,0.003799281408702385,True
T06,E12,0.3835436230997993,0.0002454111176679012,87,0.0038783721274302245,True
S01,S02,0.38502442021731437,0.00025171812786013297,86,0.003942841471791463,True
E11,S06,0.38253415499613863,0.00025563965549793316,87,0.003969142019573172,True
S10,V11,0.393068867142299,0.0002592525649824471,82,0.003977764708708266,True
T11,V10,0.3906786918814873,0.0002606896645255135,83,0.003977764708708266,True
V05,V08,0.3858546061001699,0.00026528298011599426,85,0.004013255340216323,True
E01,E10,0.38093425705244927,0.00027265774911569606,87,0.0040875962781009,True
V04,V05,0.38283583025137785,0.0002748157949683656,86,0.0040875962781009,True
T11,S09,0.3887839144602622,0.0002809351953824743,83,0.004143794131891496,True
S09,V13,0.38746014871170703,0.00029592662170814033,83,0.004307583571326622,True
S07,V02,0.38492088055440277,0.00029994018022919296,84,0.004307583571326622,True
S02,S12,0.3805698687741981,0.00030077194593447964,86,0.004307583571326622,True
V12,V13,0.3847658455775051,0.0003017742162963283,84,0.004307583571326622,True
S09,S12,0.3821395099505851,0.0003074059143404107,85,0.004352867747060216,True
V04,V10,0.38185037218114687,0.00031092934900622896,85,0.004367817045563693,True
V06,V08,0.38356795602538557,0.0003162963250664375,84,0.004386417690495364,True
T06,V15,0.38134237208663996,0.00031720986688328054,85,0.004386417690495364,True
S13,S15,0.3789701044620342,0.0003204343644766985,86,0.004396657559098887,True
V01,V11,0.3826159327343486,0.0003282926810544303,84,0.00444777673187721,True
V12,V15,0.3825463447781864,0.00032918573552311557,84,0.00444777673187721,True
T01,T02,0.36788402659176983,0.00033379839693487994,91,0.0044713304190713305,True
S07,S15,0.3798773193690879,0.0003359813252748514,85,0.0044713304190713305,True
E07,S09,0.37943017482159236,0.0003419105243750446,85,0.004516280807043499,True
V09,V14,0.37907573703776387,0.0003466785250581574,85,0.0045453406618736186,True
E10,S11,0.3740778535923339,0.00035806265028568725,87,0.004660080080924018,True
S14,V07,0.38400773375066255,0.00036869202957682715,82,0.004763393374824701,True
S06,V11,0.379256900632214,0.0003740360893966884,84,0.0047974194074792646,True
E10,E11,0.3724376827664298,0.00038184313264536695,87,0.004834263588231676,True
S15,V08,0.37868581253808026,0.00038237113127256194,84,0.004834263588231676,True
V11,V13,0.37781569353610406,0.0003953985159590966,84,0.004962152338342142,True
S14,V15,0.3819985347689618,0.00039809357742631875,82,0.004962152338342142,True
S09,V07,0.37901412280393504,0.0004102262474565952,83,0.005077625580406808,True
V13,V15,0.3740054600101313,0.00042191325076733994,85,0.005186017040681886,True
E11,S09,0.373347692207762,0.0004327007256768838,85,0.005281932996193685,True
S15,V03,0.3731059907332063,0.0004367277547348246,85,0.005294576204661915,True
E10,V07,0.3727626097971164,0.0004425079565354673,85,0.005328157027671953,True
E07,E15,0.3682920928338234,0.00044855574794837387,87,0.005334907085907034,True
S15,V06,0.37643309417390397,0.00045249413323073456,83,0.005334907085907034,True
E11,S07,0.3698334418321222,0.000457234085834775,86,0.005334907085907034,True
V10,V15,0.37189909895852247,0.0004573547551033673,85,0.005334907085907034,True
S07,V14,0.37396167484180654,0.00045813891359201646,84,0.005334907085907034,True
S04,S12,0.36889676362642393,0.0004739289399630469,86,0.005482707344670542,True
S09,V12,0.3762078774995304,0.0004952645309754543,82,0.005692326102769832,True
S06,V14,0.369491964463208,0.0005011834804952224,85,0.005723192003074475,True
S01,S15,0.3686303697031115,0.0005177830935685554,85,0.005874846638566302,True
T06,S07,0.36605205479533015,0.0005281133253662847,86,0.005953889082154929,True
T07,V01,0.36582282829213936,0.0005754253779694132,85,0.006446221006366212,True
S14,V08,0.37069697719050304,0.0006074284639620695,82,0.006758424586290971,True
S13,V14,0.3642189217730986,0.0006109310360489014,85,0.006758424586290971,True
V04,V07,0.36396502940822456,0.0006167314532022253,85,0.006780215355080366,True
V04,V09,0.3634151142296322,0.0006294676478104218,85,0.006877516892743497,True
V08,V15,0.3626442623537984,0.0006477253235172973,85,0.007011247522440925,True
S06,V01,0.3625650040225732,0.0006496297139436789,85,0.007011247522440925,True
E15,S11,0.3582006769191177,0.0006579496985173854,87,0.007058005856822862,True
S03,S14,0.3638767551168379,0.0006678529340303601,84,0.007121082489359865,True
V01,V14,0.36359363060561184,0.0006748387943594746,84,0.007152483030037544,True
V03,V14,0.36041191240747744,0.0007033599228674367,85,0.007384009804429887,True
S14,V14,0.3666124317364691,0.0007050269248297463,82,0.007384009804429887,True
S14,V10,0.3663340933390453,0.0007121715557522896,82,0.007414962668715015,True
S02,S09,0.3596370099721002,0.0007236688860406781,85,0.007471260072253249,True
S04,V05,0.3575341947984625,0.0007260207527839315,86,0.007471260072253249,True
T11,T12,0.35338317705019184,0.0007320282743686462,88,0.007489537836026033,True
S04,S09,0.3589234005278962,0.000742842974070957,85,0.0075565061155493905,True
S03,S12,0.35558288518253545,0.0007799759318177968,86,0.007861241638945408,True
T06,E14,0.35355172631971227,0.0007816827844375094,87,0.007861241638945408,True
E11,E12,0.3533041321005221,0.0007888322726236605,87,0.007888322726236605,True
S13,V04,0.3545279706371498,0.0008106436828336399,86,0.008060895048401925,True
V04,V13,0.35616012006847936,0.0008215393703851152,85,0.008123601595428234,True
S11,S13,0.35150470961051944,0.0008426093941853414,87,0.008240939323801908,True
S06,V13,0.3554372551798782,0.0008433424731620178,85,0.008240939323801908,True
S11,V15,0.355305479257628,0.0008473734219954505,85,0.008240939323801908,True
V02,V11,0.3589666405195846,0.0008605273654944394,83,0.008323133535110152,True
E12,V15,0.3545395282794318,0.000871152734555768,85,0.008380110544367986,True
S11,V08,0.3534431343391325,0.0009062485011531103,85,0.008670593767789218,True
S06,V12,0.3550423801047298,0.0009199588335055056,84,0.008754446964004006,True
S02,S06,0.34837598371438544,0.000944123313821151,87,0.008916405796249102,True
T11,S05,0.3521306231631898,0.0009499513456610748,85,0.008916405796249102,True
E14,S11,0.3481435756000787,0.0009520907884130398,87,0.008916405796249102,True
S06,V04,0.34985288874714376,0.0009602164759883752,86,0.008945174539470652,True
E10,S14,0.35302109106541796,0.000988637398569502,84,0.009161718300879678,True
V06,V10,0.3524553026219633,0.0010086789640401145,84,0.009298759199744806,True
E03,E11,-0.34606869899633597,0.0010259800537364802,87,0.009409247124940777,True
V09,V10,0.34930076024479983,0.0010507662722758675,85,0.009586888154269512,True
E10,V15,0.3489368465249139,0.0010644128716554868,85,0.00962849205909701,True
E12,V03,0.34692611528240114,0.0010662059003293863,86,0.00962849205909701,True
S12,S14,0.3485149587018093,0.0011588089668001073,84,0.010411633864143096,True
S07,S11,0.34330080967860993,0.0012121791799824,86,0.010833860780235707,True
S06,V05,0.34305399775783124,0.0012227472155358127,86,0.010833860780235707,True
E07,V14,0.3449652319024953,0.001224165059913639,85,0.010833860780235707,True
S07,V05,0.34275207440395405,0.0013223346239352543,85,0.011644439225698508,True
E10,V14,0.3426060606060607,0.001329055522429686,85,0.011645684528220516,True
S07,V15,0.344362918632944,0.0013386840728809074,84,0.01167226999506998,True
S07,V01,0.3438648097620527,0.0013618810584736115,84,0.011816320948521041,True
E07,S14,0.34321351327689353,0.0013927608509825607,84,0.012025301006044549,True
V02,V12,0.3443922403504009,0.001432072923869242,83,0.01230470424877941,True
E08,V09,0.3429605536541243,0.0015036086872373007,83,0.012856943847391411,True
T05,S11,0.33471949922137156,0.0015305192174249257,87,0.013024129879048645,True
S03,V01,0.3382598041865308,0.001543835313680547,85,0.013074586149352,True
E11,V10,0.33714003357758987,0.001604031117922635,85,0.013519685562283518,True
S12,V15,0.33893873087181026,0.0016116687308710862,84,0.013519685562283518,True
S06,V09,0.3366052894113558,0.0016335190199616323,85,0.013588750826455309,True
V10,V11,0.33850997249006676,0.0016352564553869947,84,0.013588750826455309,True
T10,T11,0.32896729048756146,0.00164561029866877,89,0.013610888918895902,True
S02,S03,0.33212413314320655,0.0016736222459343966,87,0.013778192443273869,True
S01,S09,0.33554370414479184,0.0016935145385825801,85,0.013817842797651433,True
T13,V07,0.33937767742001723,0.0016969990615510252,83,0.013817842797651433,True
V08,V09,0.33539876046630973,0.001701858604456504,85,0.013817842797651433,True
E07,V12,0.3369223764824932,0.0017253358091587638,84,0.013939465209257451,True
V05,V10,0.33475730115534413,0.001739233345027692,85,0.013939465209257451,True
S03,V11,0.336663115148906,0.0017404643001389247,84,0.013939465209257451,True
E05,E10,0.33457002846974887,0.0017502836860118867,85,0.013954964523608285,True
S11,S14,0.3359828531298499,0.001780729936319853,84,0.014134044786036502,True
T03,E04,-0.33296361123039614,0.0018477079310467584,85,0.01460019213371769,True
V04,V12,0.334698753688958,0.0018590352112645354,84,0.014624410328614345,True
T13,V08,0.3363950186951812,0.0018748141315402262,83,0.014628592560599762,True
S13,V12,0.33435247894470094,0.0018806761344418595,84,0.014628592560599762,True
E10,S13,0.3286456906046157,0.0018843610756026812,87,0.014628592560599762,True
S14,V06,0.3399958758761178,0.0018997389281472043,81,0.014683571628037344,True
E11,V02,0.3319150109683812,0.0019139133762399137,85,0.014728811634541945,True
S07,V07,0.3334564211141613,0.0019377346715905403,84,0.014847577353745698,True
E01,E02,-0.32767885072110375,0.0019470419453294582,87,0.014854587255315263,True
E15,V14,0.3311365732329813,0.0019644365126393597,85,0.014922972649663805,True
S04,V15,0.33040844313580214,0.0020127791291759383,85,0.015152374643618263,True
V03,V05,0.3283885139809677,0.002022735890361212,86,0.015152374643618263,True
S06,S15,0.3283333096442962,0.002026479534177993,86,0.015152374643618263,True
V04,V14,0.3301134385970497,0.0020326684926611984,85,0.015152374643618263,True
V02,V10,0.33194623490401315,0.0020374379464300264,84,0.015152374643618263,True
S10,V04,0.3334982578842387,0.002063408420605421,83,0.015281309223730522,True
E01,E09,0.327605076299488,0.002076451893334219,86,0.015292504619245795,True
E11,V15,0.3292587882187317,0.002091292776435923,85,0.015292504619245795,True
T15,S15,0.32914197271905266,0.0020994228392440533,85,0.015292504619245795,True
S14,V03,0.33287899463994386,0.002105876191155923,83,0.015292504619245795,True
S13,V15,0.32901746928045916,0.002108119280845183,85,0.015292504619245795,True
V05,V13,0.32867067994905386,0.0021325134085234828,85,0.015406321359536998,True
S12,S15,0.3284578946743308,0.0021476068120266584,85,0.015452292915801566,True
V06,V13,0.329949728802849,0.0021763333788712403,84,0.015583118752962654,True
S01,S12,0.3279586528305435,0.0021833974297936374,85,0.015583118752962654,True
E12,S13,0.3239275357319876,0.002208431495122352,87,0.015606451802919533,True
T12,S14,0.33139477967420716,0.0022108796379675037,83,0.015606451802919533,True
V03,V06,0.329200209644266,0.002230637837798524,84,0.015606451802919533,True
V04,V11,0.3290836358517426,0.0022391925311289005,84,0.015606451802919533,True
S14,V05,0.33097039856744,0.002241756705377357,83,0.015606451802919533,True
E11,V08,0.3271267878791411,0.0022442274977661028,85,0.015606451802919533,True
V05,V14,0.327047762860389,0.002250084749136769,85,0.015606451802919533,True
E09,S02,0.32509649993753814,0.0022572043285578533,86,0.015606451802919533,True
V01,V04,0.32637927359609753,0.0023001852581371256,85,0.01584174282841522,True
E07,E11,0.321424177734974,0.0024000148828511375,87,0.01642113333357257,True
T13,V10,0.32883781770915865,0.0024028664030481895,83,0.01642113333357257,True
V06,V11,0.3282012099568796,0.0024529357825821495,83,0.016698832058347712,True
E01,E05,0.32422485280521623,0.0024685485664311855,85,0.01674073165740689,True
V11,V12,0.32764415376266737,0.0024975147912919896,83,0.016808405738739412,True
S06,S11,0.32021839632886395,0.0024975201747392457,87,0.016808405738739412,True
S07,V06,0.3260205114730689,0.002631627306277137,83,0.017643864894358076,True
S15,V04,0.3219495197793219,0.002658303936961766,85,0.01775546403178236,True
E11,E14,0.31790277582825155,0.0026948085159532007,87,0.01793162057607957,True
V08,V11,0.32322541726692366,0.002709007497803277,84,0.017958589030381274,True
S11,S12,0.31937741233757905,0.002723257884232111,86,0.017985695727950883,True
V03,V09,0.32078992699899544,0.0027599583975095967,85,0.018130774890781097,True
S02,S13,0.3171076451454187,0.0027657114240174554,87,0.018130774890781097,True
S03,S15,0.3187736653764935,0.0027771791048133146,86,0.01813877127497995,True
E15,V12,0.321956495925061,0.0028217376732130573,84,0.01836204294701144,True
E05,V07,0.32307251171881435,0.0028917371424086805,83,0.018748625428803532,True
E08,V02,0.3229155186869585,0.0029062136294496295,83,0.018773715781481185,True
E10,S09,0.318827771373582,0.0029399309633282543,85,0.01892246474578549,True
T11,S13,0.31869147864127567,0.00295281398806593,85,0.01893652448868368,True
E07,E09,0.31654689870193387,0.002984429600323219,86,0.019013866258105087,True
E15,S15,0.31636212590975615,0.003002234111869462,86,0.019013866258105087,True
V09,V12,0.3199609765194093,0.0030075381194481867,84,0.019013866258105087,True
V14,V15,0.3181152420536825,0.0030078432498697313,85,0.019013866258105087,True
S06,V02,0.3174968346242735,0.0030679197857287474,85,0.019324619290889262,True
T11,V13,0.32010984355489003,0.0031761085358847463,83,0.01993514932097873,True
E10,E14,0.31156352345637156,0.003308399712234865,87,0.020692111274401806,True
T14,E03,-0.31311952353546785,0.0033305645955640944,86,0.02075739202164946,True
T03,E11,0.31477762668620196,0.0033450267861250657,85,0.020774376882250405,True
V03,V08,0.3143841992559993,0.003386920610492239,85,0.020961012169829592,True
E01,S07,0.3111665697130436,0.003543466215921261,86,0.021853432760211258,True
T03,V09,0.3165034522208454,0.0035558527962839376,83,0.021853678643828367,True
S06,S07,0.31042946111643815,0.003626930271737888,86,0.02221337917292755,True
S12,V07,0.31363206461593574,0.003671430612452639,84,0.02233011229364231,True
S05,V13,0.3117425029611914,0.0036805745104418254,85,0.02233011229364231,True
S11,V09,0.31161851564850923,0.0036948991211814466,85,0.02233011229364231,True
E09,E10,0.30982694406583056,0.003696453616970168,86,0.02233011229364231,True
V02,V08,0.31305659248298695,0.0037378440273636883,84,0.022482864361492938,True
E07,V09,0.31114726934624204,0.003749798597482472,85,0.022482864361492938,True
T11,S12,0.3127910703782036,0.003768846843466149,84,0.022482864361492938,True
E11,V14,0.31095379150278796,0.0037725484267589846,85,0.022482864361492938,True
E12,E15,0.30731905977477825,0.003786277907276175,87,0.02248896609355312,True
E15,V03,0.30825135258047326,0.0038839143413768313,86,0.022991733726545123,True
E10,V09,0.3097520411679582,0.003916633036254094,85,0.023108134913899153,True
S09,V15,0.31294912487608345,0.003969258323363856,83,0.02334082136994693,True
T11,V15,0.3126513106023383,0.00400576850865895,83,0.02347751741829914,True
T10,T13,0.30152165566767697,0.004085454031151223,89,0.023813642244091427,True
E03,E12,-0.3048636675891936,0.004090026690510618,87,0.023813642244091427,True
V02,V07,0.3099342935619343,0.004117208786884091,84,0.02382774869708277,True
S09,V06,0.3135949776639342,0.004119373503563462,82,0.02382774869708277,True
V03,V07,0.30789200153118707,0.004149329080119006,85,0.023860846719524,True
T11,V11,0.31333553834162203,0.004152056943284402,82,0.023860846719524,True
T06,E10,0.3034282230594168,0.004277493427296371,87,0.02450160570792154,True
T11,V04,0.3085869618302922,0.0042912416776585745,84,0.02450160570792154,True
T04,E14,0.30317405174159995,0.004311473896653839,87,0.024537970408608667,True
T11,S04,0.30619309115739174,0.004372545012144037,85,0.0247388509326819,True
E11,V04,0.30442645588940226,0.004374723357022279,86,0.0247388509326819,True
S10,S11,0.30779935189334007,0.004395981138542563,84,0.024779893679045657,True
E08,E11,0.30564850285705203,0.0044463253243734475,85,0.024984113727431752,True
S08,S09,0.3070915664422896,0.00449203897304815,84,0.02516110437435198,True
E11,V06,0.3065521194295313,0.0045664993461859964,84,0.025497488462931272,True
S11,V05,0.3027760063731258,0.004603038212128476,86,0.02562068438826227,True
T07,V14,0.3036780359778325,0.004722622011554189,85,0.02620389015815334,True
E12,S07,0.30169911257542975,0.004757664536614189,86,0.02631583196814723,True
S01,S08,0.30282584778996763,0.004846768008861247,85,0.026725169394655475,True
E15,V05,0.29932979832361245,0.0051142178323754905,86,0.02789794675675175,True
S04,S10,0.3026983010301058,0.005131134461811897,84,0.02789794675675175,True
E03,E07,-0.29737711069223194,0.005154618194776893,87,0.02789794675675175,True
T08,T09,0.2940068547136717,0.005165369062294881,89,0.02789794675675175,True
T07,S07,0.29893445581574957,0.005175966978321607,86,0.02789794675675175,True
S10,S14,0.3078348285624698,0.0051789964325538234,81,0.02789794675675175,True
T12,T15,0.29389418893638225,0.005183326244134524,89,0.02789794675675175,True
S07,S14,0.3041298618379187,0.005185550555351032,83,0.02789794675675175,True
E12,S14,0.30201147267395906,0.005238023294215475,84,0.028094852214428458,True
E14,S02,0.29660880304526654,0.005276700216039723,87,0.02821679571719127,True
S10,V10,0.3044594764583184,0.005418792634773164,82,0.028799062021605582,True
E03,S09,-0.2990780402295515,0.005427825856276251,85,0.028799062021605582,True
E02,E10,-0.2956393543093913,0.005434399274133483,87,0.028799062021605582,True
S01,S07,0.2986732450903121,0.0054941382204972845,85,0.029028730299343858,True
E15,S09,0.2985649107089541,0.005512006569236018,85,0.029036463177225455,True
S09,V05,0.30019467045855985,0.0055303439937456084,84,0.02904661385439088,True
S02,S10,0.29978215898620203,0.0055986956727568276,84,0.02923035427568681,True
S15,V02,0.29971028529935495,0.005610681110542465,84,0.02923035427568681,True
E02,E03,0.29456005918798456,0.005614870312843794,87,0.02923035427568681,True
T04,T15,0.2894175596940892,0.005661779498489857,90,0.029388122323539725,True
S11,V12,0.29913576188665686,0.005707306424044268,84,0.029537813949001037,True
T11,V02,0.30074056897875817,0.005734497153126746,83,0.029541029197137848,True
S05,S14,0.2989356429506909,0.005741307369387243,84,0.029541029197137848,True
S03,V05,0.2951237517837382,0.0058059392236225514,86,0.029786992538585265,True
S02,S08,0.29478636799242075,0.005864856683020681,86,0.030002301528747412,True
S15,V11,0.2998577751244687,0.0058856647566095325,83,0.030021978729679745,True
S15,V15,0.29781913469016197,0.005934316930124103,84,0.030115754720167708,True
E05,S06,0.29606657918299706,0.005938612946959864,85,0.030115754720167708,True
S03,S06,0.2925653674464255,0.005962428217306297,87,0.030115754720167708,True
T13,S13,0.2958772209662032,0.005972107291965461,85,0.030115754720167708,True
E08,E15,0.29493177779695406,0.006141853140061929,85,0.030883750164515947,True
E11,S08,0.29298837194852745,0.006187854036519053,86,0.03102691684033633,True
E11,V05,0.29269222856677857,0.006242536478346242,86,0.031184198787249404,True
T15,S14,0.29778541954548693,0.006254457948855106,83,0.031184198787249404,True
S07,V11,0.2965899496084578,0.0064763600584362944,83,0.032199880065820904,True
T12,V10,0.2947109755265578,0.00650217936228049,84,0.032237695997861256,True
S07,V13,0.2930665261958469,0.006821607710786023,84,0.03372694315109291,True
T04,S13,0.28757601352278267,0.006916469018467344,87,0.033984044781613446,True
T06,S13,0.28749908581195327,0.006932176742639089,87,0.033984044781613446,True
E07,V15,0.2907250392727052,0.006949941600553995,85,0.033984044781613446,True
T13,V06,0.2959136657542887,0.006950409158725461,82,0.033984044781613446,True
T04,E12,0.2870126659655105,0.007032228535029597,87,0.03413475390018203,True
T05,T15,0.2822133207761039,0.007041006391773348,90,0.03413475390018203,True
E10,S05,0.28696776373128324,0.007041528379580512,87,0.03413475390018203,True
E14,S15,0.28852600251529104,0.007058372840376624,86,0.03413475390018203,True
S09,V02,0.2917889733492283,0.007079240269349848,84,0.03414238495027038,True
T03,T14,0.2833337649784995,0.007133408111276102,89,0.03424738991378964,True
E07,V11,0.29149506177714685,0.007139710100671398,84,0.03424738991378964,True
S06,V06,0.2910624782478775,0.007229538343611133,84,0.03458454829241002,True
E05,E07,0.28916460186118687,0.007272718660127024,85,0.0346629932986046,True
E07,S01,0.28744379001698117,0.007285103676316899,86,0.0346629932986046,True
E14,S07,0.2870430401661168,0.007370677467663969,86,0.03486459314451614,True
T14,S05,0.2869568353335237,0.007389200441760029,86,0.03486459314451614,True
T01,T12,-0.2805661714596686,0.007395182506825737,90,0.03486459314451614,True
S04,S13,0.2852466731223695,0.007406263854428287,87,0.03486459314451614,True
T07,V02,0.28718139546223936,0.007701956436691303,85,0.036160379026375616,True
E14,S10,0.28842308016155543,0.007799500527769856,84,0.036521470725271545,True
E14,V02,0.28626377850788604,0.007907994838008955,85,0.03693179647302335,True
T07,V11,0.28773700019364845,0.00795397722847668,84,0.037027797306804375,True
E08,S14,0.2911044190620894,0.007970390267735857,82,0.037027797306804375,True
T03,V02,0.28916577080177513,0.008016563833587915,83,0.0371448114802372,True
S13,V13,0.28566220950627075,0.008045684778420827,85,0.0371824074616315,True
V03,V13,0.2853413632215268,0.008119979714552805,85,0.037384991129647965,True
T07,V13,0.28529071114864557,0.008131763607296309,85,0.037384991129647965,True
S13,V11,0.28674600808967415,0.008181853936988528,84,0.03751782763852252,True
T02,E14,0.28173003141408665,0.008203621814726005,87,0.03752044085804917,True
E07,V10,0.2848696341305831,0.008230307707773263,85,0.03754547588339865,True
E14,V15,0.28369414947650284,0.00851097825881904,85,0.03872604503370103,True
S13,V09,0.28309464323717076,0.008657331324229713,85,0.03929096524073485,True
V02,V05,0.2824933422296057,0.00880633610151884,85,0.039864999743448454,True
T13,S06,0.28128908307655753,0.009111534033686851,85,0.04114136540720849,True
E12,V14,0.28095916591620307,0.009196746717622445,85,0.04142046231600949,True
S07,V09,0.2820800809158471,0.009333573869585342,84,0.04193001459179202,True
E12,S12,0.27869947826518243,0.009365000794817353,86,0.041964687105890415,True
T07,S09,0.2795434716310875,0.009570376272558544,85,0.042776681824314704,True
T06,E01,0.27586876258107773,0.009700952240689332,87,0.0431609640726397,True
E15,S06,0.27585358652542585,0.009705120734977741,87,0.0431609640726397,True
S15,V09,0.2805039742569274,0.009753481990581075,84,0.043174847931611936,True
T11,V06,0.28377374857245086,0.009778202904507687,82,0.043174847931611936,True
E12,S03,0.2755768090757284,0.009781420350608128,87,0.043174847931611936,True
S06,S13,0.27534957179115166,0.0098444551264886,87,0.04334498898976324,True
E10,S07,0.27654019776804495,0.009952496359743252,86,0.04371195671649021,True
T10,E11,0.2748418995500572,0.009986567233894152,87,0.043753029712853095,True
T10,E09,0.2761581573086639,0.010059731949824537,86,0.043964754447381314,True
V05,V09,0.2776298183154286,0.010096512232497102,85,0.044016814412610517,True
T15,V06,0.2806388685940784,0.010174760095909317,83,0.04424895668245575,True
E14,S01,0.275250498104083,0.010318565205864983,86,0.0447643637607378,True
S03,V07,0.2766553307215101,0.010374024973232743,85,0.04489492470078718,True
T12,V15,0.2779409367040404,0.01047165408167708,84,0.045136169144662036,True
E07,S02,0.27312428391388377,0.010480771479353727,87,0.045136169144662036,True
T07,S10,0.27749375268879434,0.010601578267344152,84,0.04549614695536132,True
T11,S03,0.27582483682907477,0.010615767622917641,85,0.04549614695536132,True
E12,V11,0.27719558397315275,0.010688987684544743,84,0.045699295173053614,True
T12,T14,0.26920580621168155,0.010739528017137234,89,0.04580473395260941,True
S03,V10,0.2751293230479778,0.010821989564961417,85,0.04604548444707141,True
E09,V12,0.2777293932527106,0.011019351308645191,83,0.046772786130220595,True
S12,V10,0.27581513581087175,0.011101918968020465,84,0.046979084819887454,True
V06,V14,0.2757523125980126,0.011121037592956408,84,0.046979084819887454,True
E12,V07,0.2738954029226464,0.01119646296633268,85,0.04718509392954487,True
S06,S14,0.27519457568218514,0.011292032878851459,84,0.04744320731686713,True
E15,V11,0.2751321348378019,0.011311318354642897,84,0.04744320731686713,True
T07,V08,0.27331869447509727,0.011375324407357085,85,0.04759887517972113,True
S01,S04,0.271012189222543,0.011605723509168834,86,0.048377346678412154,True
E10,S12,0.27097994378436,0.011616029569675236,86,0.048377346678412154,True
T05,V06,0.27402311282598035,0.011658664862240566,84,0.04844093146987277,True
V01,V03,0.2722902762962442,0.011700465394111001,85,0.0485007581910456,True
S13,V06,0.27338011230183645,0.011864277053378612,84,0.049026482829972,True
E08,V03,0.27332300504735746,0.011882689906247449,84,0.049026482829972,True
S01,V07,0.2727987840093556,0.012052877568170197,84,0.04961300766432849,True
S02,V04,0.26947225638370764,0.012106893944123337,86,0.049719726870297694,True
S06,V15,0.2709011647825254,0.012152474223302845,85,0.04979138744269916,True
E11,S14,0.27169735036205483,0.012417377902036326,84,0.05075925839862424,False
E09,V07,0.271420491351892,0.012510492755695863,84,0.05100693498886186,False
V02,V03,0.2697585034253417,0.012535602666754186,85,0.05100693498886186,False
V02,V14,0.2712042792514944,0.012583631915383866,84,0.051084927729884044,False
S04,V07,0.2692485617435722,0.012709944270087708,85,0.0513362412245806,False
S02,V08,0.26924301904215525,0.012711850754847176,85,0.0513362412245806,False
T02,S15,0.2676258501672505,0.012732547964740612,86,0.0513362412245806,False
T08,T11,0.26423411716511014,0.012858014909856028,88,0.051724287251011754,False
T07,T14,0.26118418827841855,0.012900770466386859,90,0.051778602552164946,False
S09,V08,0.27114173729718316,0.01316068563782094,83,0.05270229316502956,False
T05,V01,0.2677417257343615,0.013237476930893334,85,0.052890144848038834,False
E07,S13,0.2644388611000096,0.013320791949864125,87,0.053103157097431304,False
T07,T11,0.26103242926095266,0.01348262740841318,89,0.053626894978081714,False
S04,S06,0.263895420546785,0.013518830257744613,87,0.053626894978081714,False
E07,V13,0.26682952498446694,0.013565981602004748,85,0.053626894978081714,False
E11,S10,0.2683809035858126,0.013573360988802604,84,0.053626894978081714,False
S04,V10,0.26619832809128724,0.013797408400330963,85,0.05439067454028019,False
E11,S05,0.2627223463818354,0.013955045322956364,87,0.054889844936961696,False
V01,V15,0.2671705857621036,0.014017885631102659,84,0.055014761789471636,False
E15,V07,0.2647049984928828,0.014358604746620018,85,0.05615229322058579,False
V02,V13,0.2662321543371258,0.014371180129336365,84,0.05615229322058579,False
T11,V03,0.26565917769361197,0.01459065931193348,84,0.05688428850687722,False
E03,S06,-0.26032967335051266,0.014882739551245083,87,0.05789549232022813,False
S09,S10,0.2671251869401114,0.015264293863071557,82,0.05924956170534354,False
T12,S04,0.2595964705608404,0.015791178307623874,86,0.06116058119145352,False
E10,S15,0.2593880358808134,0.01587837236414056,86,0.06136401546840348,False
T10,T14,0.2533792139154197,0.01596880836797936,90,0.06157906494841714,False
E11,V03,0.2583435291626531,0.016321608039403874,86,0.06268010719186642,False
S05,V12,0.26130789075486643,0.01635411468608304,84,0.06268010719186642,False
T05,S07,0.2582528874066321,0.016360570351775305,86,0.06268010719186642,False
V09,V11,0.26110400679852763,0.016441067236235455,84,0.06285246006077053,False
V02,V06,0.26232023725881515,0.016587622116036833,83,0.06327605850298533,False
E13,S02,0.25902500984919136,0.016677520506018232,85,0.06348217482935972,False
E11,S02,0.25528833207596213,0.01701344787104012,87,0.06456124799196045,False
E11,V12,0.2597380739692086,0.01703395639109917,84,0.06456124799196045,False
S07,V10,0.2596402145504898,0.017077130743692666,84,0.06458658422294021,False
S07,V03,0.2575911016855061,0.017311586116913025,85,0.06533370453504489,False
S10,V07,0.2620010094907875,0.017416535752759647,82,0.06558993251571187,False
S11,S15,0.25568433389827283,0.017498511864007145,86,0.06564842179688139,False
T13,E11,0.25715996380369704,0.017506245812501705,85,0.06564842179688139,False
E11,S01,0.254922203790965,0.017848999682654382,86,0.06679223982726905,False
S08,S12,0.2562673737062116,0.01791524689041807,85,0.06689870674270038,False
E07,S15,0.2540326874917885,0.018265692692132327,86,0.06806373908436678,False
T13,V13,0.2583995760232877,0.01834212206755393,83,0.06820494970497994,False
S05,V09,0.25493216224895615,0.018542397202906145,85,0.0688051216963184,False
T07,S14,0.2560521219187826,0.0187265692886495,84,0.06934315406048036,False
T11,V09,0.2574852097358184,0.018773496046116677,83,0.06936773870902203,False
S03,V15,0.2543709205525614,0.018811590158378855,85,0.06936773870902203,False
S02,V12,0.25512187391219343,0.019175891675469063,84,0.07056409202823334,False
E07,S03,0.2499627230704286,0.01954488525243431,87,0.0716317922215649,False
S11,V04,0.2514026845392095,0.019546980589274492,86,0.0716317922215649,False
T09,S08,0.2512008957443711,0.0196483968997041,86,0.07185467461255426,False
E14,S09,0.25249730893839734,0.01973468387000045,85,0.07202142360804288,False
E03,E05,-0.25237269804525697,0.019797431223865763,85,0.07210175569185678,False
S03,V06,0.25351999872866693,0.01997130692446877,84,0.07240201123589325,False
T04,E10,0.24909409838476032,0.01998701109372541,87,0.07240201123589325,False
S02,V15,0.25196762038391396,0.020002589544831525,85,0.07240201123589325,False
S06,V03,0.2502213961516753,0.02014711608657019,86,0.07269732163930624,False
V07,V11,0.2531356266308605,0.02016631916660981,84,0.07269732163930624,False
S07,S13,0.24996420090632113,0.020279852922435768,86,0.07295800746486038,False
S07,S12,0.25132708303677265,0.020330717927007906,85,0.07299263839919674,False
T07,T09,0.24417175404573946,0.020380983309714988,90,0.07302498068460633,False
E05,S07,0.2521646758365091,0.020666211313893377,84,0.07389736166786116,False
T05,S05,0.2474358884329743,0.020854873228038216,87,0.07442162422102347,False
S02,S14,0.2512115125926201,0.02116722235242963,84,0.075384272764186,False
T06,E15,0.24676323227210542,0.021216011503406657,87,0.07540630594584294,False
E09,S03,0.24753099066383633,0.021573122352294992,86,0.0765218969209662,False
T11,V12,0.2532276128531108,0.021709063035824323,82,0.07685008314681811,False
T02,V02,0.24831364059804742,0.021936976748384827,85,0.07736607319733207,False
V11,V15,0.24976784362766047,0.021945820451364423,84,0.07736607319733207,False
S01,V12,0.2511908972361277,0.021985951874722052,83,0.07736607319733207,False
V10,V14,0.24813993883035204,0.022032779816638263,85,0.07737702435605104,False
T05,T08,0.2401658724571252,0.02260501571199286,90,0.07922946101035122,False
T03,S02,0.24613394550333506,0.023165302269181468,85,0.08103277671235415,False
E10,V01,0.24589027245408993,0.0233061946736844,85,0.08136482164185678,False
E01,V07,0.24554827127539178,0.02350517207867341,85,0.0818979420851416,False
S04,S05,0.24242250683758348,0.023677555917385764,87,0.08233649110760866,False
T06,V05,0.243575505137311,0.023825886132783747,86,0.08268984010789653,False
S10,S15,0.24780074730557058,0.02390288101692961,83,0.08279471506842546,False
T13,E10,0.2447635954848076,0.023967175492274145,85,0.08283428121809068,False
T02,T06,0.2365003840954706,0.024007901844565263,91,0.08283428121809068,False
S04,V13,0.24441327702285812,0.024175920031325637,85,0.08325170905728867,False
S11,V02,0.24339795257536195,0.02478968437478072,85,0.08515357312271615,False
E12,S09,0.24334111391993168,0.024824431486622334,85,0.08515357312271615,False
T12,V02,0.24470234121585535,0.024874111642847304,84,0.08515895088557007,False
E08,E12,0.24287703247243883,0.02510969041512552,85,0.0856614663956267,False
E03,S14,-0.2443042711235405,0.025117684214310883,84,0.0856614663956267,False
T02,V11,0.24382228334896086,0.025415314381228345,84,0.08650982010533494,False
T07,V10,0.24228386913075983,0.02547834451958677,85,0.08655790748496849,False
E09,S12,0.24203940980049843,0.025631609619849775,85,0.08664955510001053,False
E15,S14,0.24346405625921966,0.025638457262449253,84,0.08664955510001053,False
T07,S12,0.24059635211975344,0.025652184673675433,86,0.08664955510001053,False
S08,V10,0.24314538565709629,0.025838355907355014,84,0.0871121713447969,False
E11,S13,0.23881150497877288,0.025906886084766333,87,0.08717716420159013,False
S04,V03,0.24006032658480256,0.0259930954389196,86,0.0873012882863144,False
S01,S11,0.23953349651821293,0.026331898099812043,86,0.08827170385732445,False
S11,V11,0.24215116144744894,0.026470544721225554,84,0.08830663809862196,False
E05,E09,0.24069210611374303,0.026490428769718615,85,0.08830663809862196,False
E03,S05,-0.23790766481597517,0.026491991429586588,87,0.08830663809862196,False
T11,E11,0.24053138688849085,0.026594487721536608,85,0.08848166027654097,False
S07,V08,0.24150929173561417,0.026885613410408443,84,0.08912264705699995,False
T11,S01,0.24150585669498442,0.0268878494510949,84,0.08912264705699995,False
T11,S11,0.23933153999799142,0.027382345915550037,85,0.09059206031873564,False
T04,E07,0.2364042083757752,0.027490095271071376,87,0.09077885938394839,False
T05,S10,0.24028985773822176,0.027689370405003084,84,0.0912666398824124,False
E14,S12,0.23708123444783602,0.027958670809431888,86,0.09198298760723873,False
T14,S12,0.23785154974593403,0.02838130536174789,85,0.09320020499126858,False
S12,S13,0.2354820324940901,0.029064739861610612,86,0.09526775843527922,False
S08,S14,0.23818596436463832,0.029123915470679426,84,0.095285268730319,False
E05,V12,0.2393941725306217,0.029279027874780084,83,0.09545123266502571,False
S15,V05,0.2365537413065311,0.029282496800626535,85,0.09545123266502571,False
V03,V11,0.2377162946971146,0.029452592744506564,84,0.09582920801061878,False
S11,V13,0.23622512277728253,0.029514484988878868,85,0.09585438244094606,False
E11,V13,0.23612472225890468,0.029585671487471283,85,0.09590959438246184,False
T09,S10,0.23879522808450543,0.029698224242507808,83,0.09605233742903618,False
S02,V07,0.23591022984607724,0.02973823780288804,85,0.09605233742903618,False
S05,S09,0.23537701649484152,0.030120387240095116,85,0.0970929219227592,False
T12,E11,0.23393441853741476,0.030170116981648343,86,0.0970929219227592,False
E07,S10,0.2365283334584807,0.030297940128286436,84,0.09732732128324319,False
E12,S10,0.23630003799915683,0.030462716048480196,84,0.09767936124240933,False
S05,S07,0.2332835080293518,0.030645513653742434,86,0.09808781042879586,False
E02,E07,-0.2316875747827354,0.030830494908494595,87,0.09850176171125528,False
T11,V08,0.23688350651674928,0.031070254182051785,83,0.09908891874275975,False
T12,S12,0.23385641070176544,0.031233018342949552,85,0.09917639360016664,False
V01,V07,0.235245258516503,0.0312338626983796,84,0.09917639360016664,False
S13,V07,0.2338123347552969,0.03126577832140846,85,0.09917639360016664,False
T07,S15,0.23215289776098846,0.03148627777472851,86,0.09969715860692212,False
S15,V07,0.2347573673611841,0.03159608197494034,84,0.09986618767079358,False
E02,E11,-0.23016462074804409,0.03197963865213289,87,0.10089832515913584,False
T07,S01,0.23129138694973736,0.03213989836198459,86,0.10110237784633191,False
T09,S12,0.23262589335838962,0.032158552953381284,85,0.10110237784633191,False
E01,E06,0.23072739292406202,0.03257395054627821,86,0.10222675969310714,False
T01,E08,0.23192312914818153,0.03269741433040211,85,0.10234688349199855,False
S12,V05,0.23188369697441627,0.032727873478232306,85,0.10234688349199855,False
E12,S01,0.230312317792905,0.032896534410613514,86,0.10269288519715329,False
S12,V02,0.2315299834518089,0.033002165589243064,85,0.10274320454756622,False
T05,S15,0.23014318449143237,0.033028747676590496,86,0.10274320454756622,False
T05,S13,0.22846835072482236,0.033301798017534655,87,0.10341084647550235,False
E08,S15,0.2313141929543394,0.03425421325004281,84,0.10618206208857403,False
T11,V07,0.23242756244825585,0.03447665235887397,83,0.1066844840510181,False
S12,V08,0.23094247913277843,0.03455207840377354,84,0.1066844840510181,False
T14,V02,0.23088651062680796,0.03459711516682734,84,0.1066844840510181,False
T10,S02,0.2267008494751811,0.034728051261110754,87,0.10690200127333223,False
E12,V08,0.22889205956054473,0.03510932733479062,85,0.10788803712253368,False
T06,E03,-0.22583396930640634,0.03544608105652359,87,0.10873407880424048,False
T12,V09,0.2296230873086815,0.035626937644695884,84,0.10892826191956026,False
V01,V08,0.2296163887370544,0.03563246533978836,84,0.10892826191956026,False
E14,S06,0.22526116863357395,0.03592732099137572,87,0.10964027268057765,False
T05,S12,0.22648100036870597,0.036002919424739016,86,0.10968187156934261,False
T12,V04,0.2275838737103565,0.036195426261066255,85,0.11007887368056234,False
E10,V13,0.22710140331702006,0.03660302235807697,85,0.11071512373321143,False
S12,V11,0.22980213662070165,0.036626454379023524,83,0.11071512373321143,False
T03,S12,0.2284162780854477,0.036634458665794865,84,0.11071512373321143,False
E02,E09,-0.22571234039666346,0.03665483757495023,86,0.11071512373321143,False
T06,T15,0.220418656714496,0.03683446460100904,90,0.1110681470933322,False
T07,S08,0.22501608760560513,0.03725384105216759,86,0.11199765861800703,False
T06,T12,0.2199251447705915,0.0372692773593255,90,0.11199765861800703,False
T10,S03,0.22362071300386127,0.03733592368250284,87,0.11200777104750853,False
S06,S10,0.22747840022882465,0.03743381476174976,84,0.11211142492097644,False
S03,S10,0.227219568029835,0.037656966093664146,84,0.11258923984085396,False
T15,V14,0.22714316717965835,0.037723046796016964,84,0.11259661522588538,False
T03,V04,0.22672392193676338,0.03808738669533251,84,0.11349271793053627,False
E15,S08,0.22353955083220778,0.03855124828973545,86,0.11468186466022141,False
S01,V06,0.22744783850221775,0.03864847107843579,83,0.1147781775315962,False
T05,V11,0.22573611724007675,0.03895745157044739,84,0.11550199209328622,False
E04,E07,0.2216460612902501,0.039092436022577094,87,0.11570838086950076,False
E13,V01,-0.2267965213391946,0.039224021571246395,83,0.11590403703022724,False
E03,E04,-0.22116746069240895,0.03952839029418082,87,0.11654286306146414,False
S10,V06,0.22778869860731887,0.039571898700531044,82,0.11654286306146414,False
T07,S13,0.22053812514611706,0.04010781025536769,87,0.11770364070028139,False
E05,S11,0.2230731366352968,0.0401582925699542,85,0.11770364070028139,False
T08,E13,0.2243946120036362,0.0401655361485706,84,0.11770364070028139,False
E12,S15,0.22139300377844456,0.040504469182760884,86,0.1185006784355153,False
E09,V08,0.2236858595789216,0.04081628850673768,84,0.1192158921731447,False
E01,S06,0.21962556152684246,0.04096054954117455,87,0.11925019947817567,False
T12,V06,0.22487607972290086,0.040962780385723624,83,0.11925019947817567,False
E05,S09,0.22463320624681446,0.04118717330898807,83,0.11970146264083419,False
E12,S11,0.21931618601064662,0.04125304644684116,87,0.11970146264083419,False
T06,E06,0.21999466459662384,0.04182065908909118,86,0.12104329661109434,False
S05,S06,0.2186880520422825,0.04185225848925973,87,0.12104329661109434,False
S14,V02,0.22356636127498553,0.04218497717888589,83,0.12180654095697883,False
T02,T04,0.21318301655910693,0.04246741500704786,91,0.12232653830523167,False
E12,S04,0.21801401663197517,0.042503288733173716,87,0.12232653830523167,False
E01,E12,0.21778772252686196,0.04272373668164796,87,0.12246710241493941,False
S02,V05,0.2190329533026377,0.042746350191388796,86,0.12246710241493941,False
V02,V15,0.22157483132061762,0.04280672345010314,84,0.12246710241493941,False
E09,E13,0.22152007267580118,0.04285940701125525,84,0.12246710241493941,False
E15,V01,0.22016690600431485,0.04289808107189968,85,0.12246710241493941,False
T11,S15,0.2213009099877872,0.04307080338307426,84,0.12276219321745803,False
T15,S13,0.21853144237241762,0.04323578668388714,86,0.12303431258919652,False
E14,S13,0.21713596745488467,0.04336396553170759,87,0.12320099356520456,False
E15,S01,0.21798708887666782,0.04377228786612008,86,0.12401798577451796,False
T03,V15,0.22189172585907582,0.04379166164354448,83,0.12401798577451796,False
T13,V12,0.22298908533212142,0.04404272660070118,82,0.12442594089194502,False
E01,E07,0.2164201190356137,0.04407630787528222,87,0.12442594089194502,False
S04,V09,0.21858727874908446,0.04445118226078779,85,0.12491614201586321,False
E09,S01,0.2185333595236957,0.04450500745688939,85,0.12491614201586321,False
E03,S13,-0.21598409804459182,0.044514928433058855,87,0.12491614201586321,False
E09,S08,0.21848950815825188,0.04454882214783441,85,0.12491614201586321,False
T01,S04,-0.21587923842171305,0.04462095104394662,87,0.12491614201586321,False
E05,E15,0.21836502097094357,0.04467339994126634,85,0.12491614201586321,False
S10,V02,0.22203093819299702,0.0449835456937897,82,0.12538870094697968,False
E05,E11,0.21805581272837082,0.04498408197815373,85,0.12538870094697968,False
S01,S10,0.220484801685886,0.04518039385483035,83,0.1256612697467617,False
S05,V06,0.21911809516876213,0.04522385809530351,84,0.1256612697467617,False
E02,S07,-0.21578666864070475,0.04599753435305952,86,0.127610714427767,False
S01,S05,0.21565789982231534,0.046130601957070055,86,0.12777960166512364,False
S15,V14,0.21779595666896598,0.04657074405070756,84,0.12879721401523808,False
T04,S15,0.21468736742960526,0.04714380926881594,86,0.130121015164553,False
T06,V03,0.21463742977776246,0.04719643600883786,86,0.130121015164553,False
E12,V10,0.21582320507701758,0.04728081210860484,85,0.1301509135804519,False
E09,V14,0.21674090348789019,0.047669169330230424,84,0.13101619520886312,False
T15,V11,0.21790015387318823,0.04782654659957929,83,0.13124494183140362,False
E03,S12,-0.2136911323920304,0.04820289645845801,86,0.13190428141544902,False
E15,V08,0.21493986698845893,0.04821585879988447,85,0.13190428141544902,False
E11,S12,0.21326748070912774,0.04865918605746503,86,0.13291166561992765,False
T05,T07,0.20708862067907338,0.04888451958131259,91,0.13332141703994344,False
E05,V08,0.21667835728063922,0.04912119915561016,83,0.13376080385450767,False
T07,V04,0.21248823197106834,0.04950776653610944,86,0.13460636984472152,False
E11,V01,0.21364302263568194,0.049616203708892664,85,0.13469429534469327,False
S03,S11,0.2104843232161864,0.050364754153895346,87,0.13651702121346823,False
T03,T15,0.20903194004474424,0.05064145888896376,88,0.13705715937838814,False
E05,V15,0.2151350785127703,0.05079761627053162,83,0.13718806625232283,False
S14,V04,0.2150922130935402,0.05084484263362925,83,0.13718806625232283,False
E04,V09,0.21213837563030352,0.05128272921160734,85,0.1381589508440563,False
S09,V01,0.21409607909851605,0.051952521920472367,83,0.13975070486206093,False
S14,V11,0.21646107680406676,0.05226450744778691,81,0.14037659815262948,False
T11,S08,0.21224463150461248,0.05259256879040885,84,0.1408827260713357,False
S03,V12,0.21222746470905685,0.05261213668539712,84,0.1408827260713357,False
S04,S08,0.20960986571457144,0.052748546765967526,86,0.1410346341023603,False
T08,V11,0.2125640304328806,0.053694725616996335,83,0.1433479100182255,False
S06,S12,0.2081248456679311,0.05448744726363157,86,0.14524515309733113,False
T10,S01,0.207829753687829,0.05483852027522957,86,0.1459611742664005,False
S01,V11,0.211055148175506,0.0554570869652047,83,0.14738595184446293,False
T10,S12,0.20698202205825283,0.0558573881035559,86,0.1482272517890464,False
E03,S11,-0.2056651550140992,0.055997607691409476,87,0.14828295133274183,False
T06,E11,0.20562556775930335,0.05604592906305327,87,0.14828295133274183,False
T11,E14,0.20784270709213143,0.05629522922942034,85,0.1487202324419015,False
S07,S10,0.21026949950427892,0.056393277873873264,83,0.14875723075522457,False
E12,V02,0.20722397729641795,0.0570491380410537,85,0.15004978865243232,False
T11,T14,0.20245114333092035,0.05708316651715205,89,0.15004978865243232,False
E12,V12,0.20835680674784726,0.05717916722088108,84,0.15004978865243232,False
S01,V09,0.2083214120291896,0.057222377028469947,84,0.15004978865243232,False
E04,S06,0.2045753233734863,0.057340393971119216,87,0.1501368303681672,False
E06,E07,0.2056425645252577,0.057498767391600696,86,0.15028039434830315,False
S05,V15,0.20675132227686338,0.05763059643676862,85,0.15028039434830315,False
S08,V15,0.20797235332934,0.05764993658898182,84,0.15028039434830315,False
T10,V10,0.20629436467103668,0.05819733376635674,85,0.15148423642125208,False
E04,V11,0.20744463943014868,0.058301275999706845,84,0.15153195083624246,False
T07,S06,0.20356332550324863,0.05861072050221252,87,0.1521128669925457,False
V05,V11,0.20699346373353006,0.05886289376843838,84,0.1525436632066412,False
E01,S11,0.20314985628448048,0.05913629691643656,87,0.1530281367574455,False
E04,E10,0.20295420134692402,0.05938633716108073,87,0.1534026938266796,False
T08,E08,-0.20646258145328006,0.05952936695086515,84,0.1534026938266796,False
T05,T06,0.19829046427390848,0.05954104557001631,91,0.1534026938266796,False
E08,V04,0.20638407704059689,0.05962844143054736,84,0.15340456588963491,False
T05,E10,0.2023914966025424,0.06011026037144889,87,0.15441968194116767,False
T10,V15,0.20439083260316482,0.06060728195363147,85,0.15547085370714162,False
T13,E09,0.20405752250492773,0.06103750359394261,85,0.15634787461834793,False
T13,S08,0.205199938436384,0.06113920619238265,84,0.15638207364236603,False
E05,V13,0.20634318003219845,0.06126729427954138,83,0.1564835654758849,False
S08,V05,0.2035830745125271,0.061654180063333924,85,0.1572448108243531,False
E03,V08,-0.20343408147591965,0.06184887916270829,85,0.15751441168056643,False
E09,E12,0.20178641782200724,0.06244508270191277,86,0.15880430514710575,False
E12,S02,0.2003686820264211,0.0627721938871815,87,0.15940714946960008,False
E11,S03,0.20020183106695927,0.06299596981230426,87,0.15974622717446785,False
S01,S06,0.20122290173025573,0.06319602462888813,86,0.16002426837357936,False
E06,S07,0.20213753872580292,0.06356433010690014,85,0.16072694898459036,False
S03,V13,0.20187718077403996,0.06391341867818064,85,0.16108258745264167,False
T05,S06,0.199491572180684,0.06395580723279667,87,0.16108258745264167,False
T01,E12,0.19947525302051095,0.06397799942328085,87,0.16108258745264167,False
E12,V05,0.20056801084312142,0.06407792307434278,86,0.16110500545679932,False
T13,S14,0.20527636331874952,0.06430279826264766,82,0.16118473890275764,False
S10,V09,0.20522864360442816,0.06436615706861075,82,0.16118473890275764,False
E02,S11,-0.19917836058143,0.06438283073686421,87,0.16118473890275764,False
E05,V01,0.20386973405946346,0.06450975313194625,83,0.16127438282986561,False
E10,V06,0.20242682012242313,0.06479920248399784,84,0.1617695181899523,False
S10,V01,0.20325176937385964,0.06534117925419887,83,0.1627650790989353,False
T04,E09,0.19958559169915147,0.0654195696482537,86,0.1627650790989353,False
T11,E12,0.20072726846092787,0.06547386232680336,85,0.1627650790989353,False
S01,V02,0.20165958794067024,0.06584255251836764,84,0.1634520588464386,False
S04,V04,0.19912899037234785,0.06605082597941864,86,0.163739442554021,False
T06,S12,0.19892492592181027,0.06633453648708376,86,0.16421276864634723,False
T07,S03,0.19757781774471467,0.0666011882113526,87,0.16439972528425018,False
T09,T11,0.19643523491161624,0.06661045924105154,88,0.16439972528425018,False
T13,V15,0.20226359058922158,0.06668870212095572,83,0.16439972528425018,False
S08,S15,0.1996687512674893,0.06693740662968917,85,0.16478332369200255,False
E03,V07,-0.19958308769573876,0.067056995542979,85,0.16484844737649004,False
E15,V06,0.20066681113346654,0.06721274394240162,84,0.16500215919285835,False
E10,V11,0.19968676487876702,0.0685878679606709,84,0.16814477325538432,False
T13,S10,0.20177607534616357,0.0690860963842425,82,0.1689134663020377,False
E08,S01,0.1993312397345661,0.06909228791111599,84,0.1689134663020377,False
T10,S14,0.1992010467801917,0.06927775253818362,84,0.16913327171391035,False
E02,S03,-0.19551650424400532,0.06954883174310003,87,0.1695612013571447,False
T06,V06,0.19880235905083807,0.06984819528201537,84,0.17005681657382007,False
T15,V15,0.19870265914939284,0.06999143589917854,84,0.1701714856339918,False
T11,S07,0.19861283055355797,0.07012069680010338,84,0.1702518975804979,False
E08,V10,0.19936238383162783,0.07077508225506085,83,0.1716053364266544,False
E12,S06,0.19459663016982345,0.07089775491856727,87,0.17166761450870596,False
S01,V03,0.19626899662797045,0.07181770591611673,85,0.17365756758405276,False
T09,V11,0.1982909632358587,0.07233420250993096,83,0.1746095696663479,False
T07,V07,0.195870028874749,0.07240871420062112,85,0.1746095696663479,False
E04,V05,0.19416773672084572,0.07323247987120139,86,0.17635576785309726,False
E08,V12,0.1984849492776529,0.07384124080437134,82,0.1775801579126865,False
E02,S09,-0.19476458229994087,0.07406670239555153,85,0.1778806828224236,False
E13,S01,0.19510518026314372,0.07532030253006773,84,0.18050968405810744,False
T03,S15,0.19507565714175032,0.07536534266606859,84,0.18050968405810744,False
T03,T11,0.1903887581412943,0.07560804607628262,88,0.18084627237164896,False
S01,V15,0.19481400700415835,0.07576545693274338,84,0.1809782169648526,False
T12,E06,-0.19333970535894746,0.07624857530738878,85,0.1818867631995662,False
E07,V06,0.19421927253957558,0.07668125187441932,84,0.18258952990079655,False
T01,T07,0.18647909695956522,0.07674949731423313,91,0.18258952990079655,False
E09,E11,0.19159334547664372,0.07719899171778458,86,0.1834123695845352,False
T03,S05,0.19259273514204878,0.07741278275403664,85,0.1836005500298338,False
T01,T05,0.18602354203601362,0.0774856558600485,91,0.1836005500298338,False
T09,V15,0.19332952844397316,0.07806782991284318,84,0.18431491503916966,False
E15,V09,0.19216104375013326,0.07809206091699918,85,0.18431491503916966,False
E03,V13,-0.19215630724695035,0.0780995402708346,85,0.18431491503916966,False
T06,S04,0.18980434662927712,0.07826974539052342,87,0.18447063827060778,False
V01,V06,0.19407031225165927,0.07874642250650962,83,0.1853472976549495,False
E14,V09,0.19148369368999638,0.07916748339371142,85,0.1859290147430674,False
S15,V13,0.1926100478724785,0.07920365938772475,84,0.1859290147430674,False
T13,S05,0.19112427402153667,0.0797429142098293,85,0.18662649153469857,False
E09,S15,0.19110049450505476,0.07978110261886254,85,0.18662649153469857,False
E03,V05,-0.18995156945568278,0.07981709270721289,86,0.18662649153469857,False
E03,S07,-0.1895069750028349,0.08053813710244836,86,0.18800196454591364,False
E15,S10,0.19172569961649186,0.08061779157646806,84,0.18800196454591364,False
T13,V02,0.192628994761826,0.08103730551183334,83,0.18849860442987026,False
S03,V04,0.18919710500114484,0.08104375026617587,86,0.18849860442987026,False
T12,V13,0.19097095024248634,0.08184054068802357,84,0.19003042436509152,False
T15,S11,0.18866549309979125,0.08191706993817222,86,0.19003042436509152,False
T14,V13,0.19083803964673193,0.08205738674262772,84,0.19010677295085218,False
E10,V08,0.18934040190329973,0.08264845743278884,85,0.1912258426876291,False
T10,V13,0.18926351955211845,0.08277555101679818,85,0.19126987637040832,False
T14,S10,0.1914885773727881,0.08288729170849593,83,0.19127836548114446,False
E06,E08,0.18992939331022152,0.08355213722683977,84,0.1925615662649823,False
E01,V14,0.18869570102629224,0.08371902908622175,85,0.19259335715482895,False
T05,V14,0.1886570557671294,0.08378355085266571,85,0.19259335715482895,False
E02,V11,-0.18959130048583503,0.0841138038259471,84,0.19310172862766067,False
E13,S10,0.19042920983597436,0.0846357398640415,83,0.193937486046231,False
T12,E10,0.18700278709658205,0.08469699249363649,86,0.193937486046231,False
T14,S09,0.18837757846204425,0.08615488686740819,84,0.1970208653169412,False
S10,V14,0.1899841676525868,0.08734420475293046,82,0.19948289343572506,False
T10,S15,0.18535627520182799,0.08752317547301024,86,0.19963404714848987,False
T13,E07,0.18613666259444225,0.08807763258460288,85,0.2006401668915664,False
E11,S15,0.18486249114326592,0.08838514686153831,86,0.2010342280978953,False
S03,S07,0.18480965527899418,0.0884777760950624,86,0.2010342280978953,False
T12,S10,0.18807756684545163,0.08862167892576123,83,0.20110304063922738,False
E14,V11,0.18666376969143852,0.08910360565202932,84,0.201937749044932,False
E05,S05,0.18519482152590197,0.08972629855287995,85,0.20308710979488862,False
E02,E15,-0.1829639188981748,0.08984022992621343,87,0.20308710979488862,False
E10,V12,0.18604230865788643,0.09019237541409098,84,0.2036230924527309,False
T11,E15,0.18444353644526515,0.09105881168428069,85,0.20507170446915227,False
T03,V07,0.1866767069414944,0.09106573995070828,83,0.20507170446915227,False
T06,V09,0.18351526078011826,0.09272676421890799,85,0.20854685218229624,False
T09,S02,0.18220516671675763,0.09313986611603822,86,0.20921010536216708,False
S02,S11,0.18092266372065285,0.09354322460386061,87,0.2098498194535276,False
S11,V01,0.18276310469269685,0.09409584325795273,85,0.21082233236275483,False
T06,S10,0.18366356964128772,0.09445720180919094,84,0.2113577106691825,False
T01,T08,0.17729723859070168,0.09457361968926131,90,0.2113577106691825,False
E06,V11,0.18414738602071323,0.09561302042458988,83,0.21341115529826496,False
T14,E14,-0.18070761715175787,0.09590690050533032,86,0.21379749860760033,False
E13,S08,0.18269838670526575,0.09623227328589469,84,0.21425298580633156,False
T01,E02,0.17924642812484104,0.09667309141994256,87,0.21472456073220283,False
S01,V13,0.18245354168263092,0.09668670898506534,84,0.21472456073220283,False
T02,E05,-0.18128102774439425,0.09684005699265959,85,0.21479561513409456,False
E15,S03,0.17897503565627734,0.09718748526364684,87,0.21529643168542542,False
T12,S09,0.18196089882852015,0.0976061649236874,84,0.21595363989365837,False
E06,E13,0.18068319443570668,0.09796463262173837,85,0.21647615448249302,False
T15,E09,-0.1793349099343347,0.09849964268558381,86,0.21738699196194933,False
E13,V06,0.1835394806647949,0.0988285831226297,82,0.21784133515199822,False
T10,E07,0.1779302040982862,0.0991879370117001,87,0.2183615031227726,False
T02,S14,0.1809906447317685,0.09943706707541516,84,0.21863802325898737,False
V01,V12,0.1818169284836178,0.0999589364165548,83,0.21951280081551117,False
T12,S03,0.1781074915098876,0.1008642204344923,86,0.2212263570868047,False
T05,E14,0.1768902110622669,0.10121103333188453,87,0.2217122883631629,False
T10,S10,0.17971598522766655,0.10188314066103822,84,0.22290872555010835,False
T08,E02,0.17742959126461946,0.10218907958821222,86,0.22330206280387116,False
E10,S10,0.17936785335494201,0.1025593140683012,84,0.22367046246034908,False
S05,S12,0.1772154491446189,0.10261040424734659,86,0.22367046246034908,False
E04,V07,0.17783965431358503,0.10345441671822923,85,0.22523286296588652,False
E06,E14,0.1766118246340747,0.10380534122392612,86,0.22571923091689094,False
S12,V13,0.17862036670030662,0.10402298702172826,84,0.22591495340915216,False
E14,V07,0.17747577517241725,0.10417391955260863,85,0.2259654872648496,False
E08,S06,0.1771383271317059,0.10484464189126674,85,0.22714200262857054,False
E03,E15,-0.17497019672511085,0.10503070252009226,87,0.2272669235459209,False
T08,E06,0.17678383729417715,0.10555285719683388,85,0.228117896505978,False
T15,V09,0.17764406984673425,0.10595917092343977,84,0.22871674699327854,False
T05,T11,0.17231451165687475,0.10636822543751154,89,0.22932004753275934,False
E14,V03,0.17525673848235473,0.10652741148981017,86,0.2293838422590803,False
S13,V02,0.1761325594208949,0.10686371431312407,85,0.22980491249844487,False
T06,V02,0.17607378828837605,0.10698262593147942,85,0.22980491249844487,False
E09,S14,0.177769644984484,0.10787207637403075,83,0.23143463658428415,False
T12,V08,0.17628205026893634,0.1087070456519844,84,0.2329436692542523,False
E03,V01,-0.17498247966230032,0.10920942223579462,85,0.23373721566790384,False
T07,V05,0.1733949029619496,0.11035765473279355,86,0.23590947932010214,False
T14,E01,-0.17288893722188228,0.11141679027839535,86,0.23788627116135075,False
E14,V06,0.17473747611033824,0.1118898306327442,84,0.2386084339999485,False
V01,V05,0.17345368404819556,0.11238920928562107,85,0.23932839363544417,False
S02,V09,0.1734020385842954,0.11249786638683025,85,0.23932839363544417,False
T12,S15,0.17307114828748515,0.11319595823772109,85,0.24052442506694638,False
T04,T14,0.16797721326846293,0.11352103143933656,90,0.2406783404729409,False
E10,V02,0.1729084917678107,0.11354034705926874,85,0.2406783404729409,False
E03,S04,-0.17081344762810852,0.113684512808326,87,0.24069567903198208,False
E01,V03,0.1713409413459117,0.11470615784779874,86,0.24256857752760305,False
E14,S14,0.17330962298402047,0.11489583638286269,84,0.2426797498778842,False
E07,S04,0.1701733867672291,0.11506467494116474,87,0.24274669206896493,False
T04,S03,0.16964427445394312,0.11621534266253261,87,0.24488232918176514,False
E13,S07,0.17247581517925326,0.1166798400089293,84,0.24556874770012468,False
E05,V02,0.17327375748497745,0.11722378655748708,83,0.24642054893913554,False
T15,V13,0.171932852565096,0.11785298672843486,84,0.24697096716460532,False
T09,V07,0.17190296114445774,0.11791783417143412,84,0.24697096716460532,False
T07,S02,0.16878078747643588,0.11811222612463734,87,0.24697096716460532,False
T04,T06,0.1648460340711338,0.11840684453247549,91,0.24697096716460532,False
S01,V01,0.17166050868014932,0.11844483439696665,84,0.24697096716460532,False
V02,V09,0.171629568325161,0.11851221729271343,84,0.24697096716460532,False
E04,S09,0.17059600628875138,0.11852462011351268,85,0.24697096716460532,False
T06,S14,0.17152778348869402,0.1187340957656679,84,0.24697096716460532,False
T14,V14,0.17152443132428818,0.11874140850682435,84,0.24697096716460532,False
T11,T15,0.1672525923846447,0.11934522062905109,88,0.24762565931564265,False
T03,S08,0.1711751181587275,0.11950533610248522,84,0.24762565931564265,False
S05,V04,0.16909102364527992,0.11962020456141538,86,0.24762565931564265,False
S03,V08,0.17004820750343505,0.11972964843500282,85,0.24762565931564265,False
E04,V13,0.17003641784402462,0.11975568608711307,85,0.24762565931564265,False
S11,V03,0.16876312124869974,0.12034969675604264,86,0.248563551059738,False
S04,V08,0.16957252110562063,0.12078366996901742,85,0.2490240777863093,False
T04,V05,-0.16853730620894222,0.12085405808951395,86,0.2490240777863093,False
V01,V10,0.1704894771129597,0.12101577635532097,84,0.2490673536615327,False
T12,E03,-0.16809692801347836,0.12184231989552821,86,0.25047724299080715,False
E04,S03,0.1668711213861963,0.12239196495511728,87,0.2513152876688603,False
S08,V07,0.1697097796784805,0.12275118707626488,84,0.2516252579124724,False
S04,S15,0.16766075693716662,0.12282724454032551,86,0.2516252579124724,False
T15,V02,0.16936868658894594,0.12351634786858764,84,0.2526853162584586,False
S12,V01,0.16930182186347598,0.12366677040982825,84,0.2526853162584586,False
T14,S14,0.17023626904427022,0.123887290637209,83,0.2526853162584586,False
E08,S07,0.1691912898384711,0.12391573701262262,84,0.2526853162584586,False
E03,V14,-0.1675632016487552,0.12531471316250062,85,0.25524400724698054,False
T12,V07,0.16798488577978204,0.126658109382138,84,0.2576837397774532,False
E01,S09,0.16678615731561386,0.12710142284597037,85,0.25828876973291337,False
T02,S08,0.1654373072964799,0.12794323040165287,86,0.25970128189326325,False
E12,V06,0.16704031527405944,0.1288374685198449,84,0.2610870553783105,False
E01,V05,0.1650201477150797,0.12892095276872506,86,0.2610870553783105,False
E14,V12,0.16682223069494423,0.12934468389774373,84,0.26164581771315015,False
T03,T10,0.16181113642691128,0.12978609136452976,89,0.2620330553461724,False
T02,E03,-0.16361467319999712,0.12996318072729215,87,0.2620330553461724,False
E08,S08,0.16654988299868764,0.12998023875363807,84,0.2620330553461724,False
E07,S07,0.16429614790634575,0.13063135299532216,86,0.26258783396750424,False
T07,V12,0.16625225909010677,0.13067749632293799,84,0.26258783396750424,False
S02,V03,0.16421409168190612,0.1308262907069017,86,0.26258783396750424,False
T05,T12,0.16045756503192682,0.13084885285838346,90,0.26258783396750424,False
S13,V01,0.16507229038621338,0.1311109656564077,85,0.26262593249331573,False
E07,S12,0.1640719102214325,0.13116459001361078,86,0.26262593249331573,False
T10,E05,0.16484433645798097,0.13165143259807038,85,0.26330286519614077,False
S05,V10,0.16462364297446688,0.13217629895098226,85,0.26405423153864405,False
E06,E10,0.163200658231058,0.13325216620199468,86,0.26590342071874923,False
E09,S04,0.1630273697348547,0.13367037091218686,86,0.266348873352364,False
E04,V14,0.163954944778638,0.13377635503404045,85,0.266348873352364,False
S11,V10,0.1636080521282725,0.1346121712201748,85,0.26771184613450494,False
E11,V11,0.16448972591172784,0.13486517066547435,84,0.2678625752716717,False
T14,V01,0.1643455657453762,0.13521213895891335,84,0.2678625752716717,False
T11,S06,0.16333815693687503,0.13526520358891228,85,0.2678625752716717,False
T09,T10,-0.158623056197834,0.13536732551126376,90,0.2678625752716717,False
T06,V07,0.16326417172273197,0.13544463551872662,85,0.2678625752716717,False
E14,S03,0.16110446089483513,0.13603916361882967,87,0.2687380799166613,False
T04,S14,0.1638618127075371,0.13638139607864022,84,0.26911379159330345,False
E09,V15,0.1635118701098896,0.1372319896845146,84,0.2704906700908584,False
E06,E09,0.16228545566470245,0.1378352766307864,85,0.2711477019740659,False
T01,V12,-0.1632497620693986,0.1378717128681691,84,0.2711477019740659,False
E03,V02,-0.16211522380485713,0.1382543302778612,85,0.2715984068721579,False
S01,V08,0.16249611263201147,0.13972370487746474,84,0.27418066256442636,False
E01,E03,-0.15950814099380378,0.1400136290608384,87,0.2742605497838717,False
T12,S01,0.16138038841654115,0.14007431469187573,85,0.2742605497838717,False
E15,V04,0.16017492172366377,0.14069842586241854,86,0.2751781367695921,False
T09,V14,0.16197012746330958,0.14102733468732237,84,0.27551697836264966,False
T10,S06,0.15870083476910404,0.14205674701263746,87,0.27684149113891854,False
E08,E14,0.16055219051951683,0.14214715850503343,85,0.27684149113891854,False
T04,V03,0.15958957632965512,0.14217452850015647,86,0.27684149113891854,False
E13,V08,0.16232515130429995,0.14260254256110383,83,0.27721240071600334,False
T05,E09,-0.1593908770397639,0.14267824692219155,86,0.27721240071600334,False
E10,V03,0.15908169899459804,0.14346471116646475,86,0.2784348012770204,False
T14,V11,0.16152083277812113,0.14461854716160485,83,0.2801275647993164,False
S05,S11,0.15768733282267275,0.14465344306586167,87,0.2801275647993164,False
T04,S08,-0.15838592757485095,0.14524650000880682,86,0.2809686393612984,False
E04,S14,0.1599930293382358,0.14600964101135636,84,0.28213653339530653,False
S14,V01,0.16174056146933444,0.14658068240545272,82,0.28293108817628276,False
E15,S04,0.15665004369237884,0.14734791209079717,87,0.28388784954557755,False
T08,S12,0.15847943930402564,0.14743620125293677,85,0.28388784954557755,False
E05,E08,0.1603632461422984,0.14755752631747532,83,0.28388784954557755,False
T05,V15,0.15832617156216636,0.1478330810100734,85,0.28410917848841466,False
T03,T09,0.1554202757393107,0.14819758784497533,88,0.2843887453462547,False
S13,V05,0.15720838408971718,0.1482998937596571,86,0.2843887453462547,False
T04,S12,0.15672147842183415,0.14957642565772483,86,0.2865262699287586,False
E05,S12,0.1583582939442807,0.1502281174237742,84,0.28746353280008685,False
T06,V11,0.15811927737882306,0.15085247248374012,84,0.28834651867842337,False
E10,S02,0.1549502209987229,0.1518446043621996,87,0.28967089036497323,False
S04,V14,0.1567834421924487,0.15187264760378258,85,0.28967089036497323,False
T05,V10,0.15641494664004663,0.15284963239398672,85,0.29109101446846647,False
E08,V15,0.15828495846579052,0.1529461262461434,83,0.29109101446846647,False
S05,V11,0.15720253756141,0.15326517214536053,84,0.29138491374574454,False
E02,S06,-0.15426931755984513,0.1536743690020937,87,0.2918493917743625,False
E09,S09,0.1569364588055953,0.15397080993860235,84,0.29208163575623075,False
S08,S11,0.1550107859152048,0.15412669367023704,86,0.29208163575623075,False
T03,E01,-0.1557096592334318,0.15473262555961112,85,0.2929163072091034,False
T02,V08,0.15552924635058907,0.15521706297732166,85,0.29351944601480695,False
E09,V02,-0.1556489602688163,0.15741951147904973,84,0.297366633210158,False
E08,V08,0.156397124661767,0.15796703348353097,83,0.2978336724550963,False
T04,T10,0.14922106804477003,0.15803307812144132,91,0.2978336724550963,False
T11,T13,0.15254336607913171,0.1583861491149719,87,0.2978336724550963,False
T08,E12,0.15343413119942861,0.1584111903640754,86,0.2978336724550963,False
T15,E08,0.1552469248589539,0.1585080900862716,84,0.2978336724550963,False
T10,V04,0.1531768280393848,0.15911872498119184,86,0.29866399068580013,False
E07,V01,0.15394905997875022,0.1595085315474296,85,0.29876538952362186,False
T11,V14,0.15582583172101422,0.15951033508464557,83,0.29876538952362186,False
E02,S14,-0.15433972937519105,0.16098501168847743,84,0.3012087427997939,False
T09,S11,0.15223400083490285,0.1617313907873131,86,0.30228570400585447,False
T05,T10,0.1476272972546172,0.16257260401433773,91,0.3035374568622129,False
T02,V03,0.15181202933701177,0.1629109631749679,86,0.3038486879027325,False
T15,V04,0.15255033155186562,0.1633801702739948,85,0.3044030540894429,False
E15,S12,0.1510214162812611,0.165138162448955,86,0.3073549395737648,False
E09,V10,0.1527358628939276,0.16543409482122823,84,0.307383206396551,False
E07,V05,0.15089347851113125,0.16550067553441417,86,0.307383206396551,False
T10,S04,0.14986136527250143,0.16591984566665224,87,0.307838707368946,False
T13,V05,0.1523958129928354,0.1663889426561032,84,0.30838578900659963,False
T08,S10,0.15297541067105805,0.16737806350526765,83,0.3098241312131191,False
T11,E13,0.15292665572460168,0.1675150811135339,83,0.3098241312131191,False
T13,V09,0.15282868431884533,0.1677906633075376,83,0.3100098894095424,False
S05,S13,0.14913918441025018,0.16799296376256453,87,0.31006000611025986,False
T03,E07,0.15070403482088224,0.16859658756938328,85,0.3106085227623863,False
T03,E14,0.15068845408967982,0.1686411245054538,85,0.3106085227623863,False
T02,S07,0.14947614668926007,0.16955611672435575,86,0.3119691544720475,False
T10,V02,0.15018119209612943,0.17009585284668496,85,0.3126372373194521,False
T09,S05,-0.149164687937103,0.17045702428749265,86,0.3129760715652095,False
T09,E06,0.1499144759396924,0.1708644366055287,85,0.31339901843708373,False
T05,E12,0.14783386932225262,0.17178841163386424,87,0.3147675865340991,False
E14,V08,0.14950862889881725,0.17203884229529728,85,0.3148589246960991,False
T03,V08,0.15127908743387067,0.17219403339312087,83,0.3148589246960991,False
T12,E04,-0.1483849179999492,0.1727279800581123,86,0.3150675614995938,False
S10,V05,0.15108040425773442,0.17276469525295687,83,0.3150675614995938,False
T05,V02,0.14923219605064392,0.17284214814469243,85,0.3150675614995938,False
T13,S11,0.14912295540490816,0.17316035618749476,85,0.3153228708352528,False
T06,T07,0.14379562862028145,0.17388086836141345,91,0.3163094933193235,False
T02,S01,0.14782807524751138,0.1743632401813141,86,0.31686132969294245,False
T03,S11,0.1482561118122607,0.17570064703104069,85,0.31884047165985885,False
E04,E12,0.14647283810544726,0.17581259906215946,87,0.31884047165985885,False
T10,E03,-0.14619950601738269,0.17662902404267275,87,0.31999321653585544,False
E04,S11,0.14603782475464633,0.17711325976345368,87,0.3205424026393794,False
T08,E04,-0.1468048583212274,0.1773976298911604,86,0.320729116350719,False
T10,S09,0.14734366975580876,0.17840393143106706,85,0.32209141680690473,False
E05,S10,0.15002889547792483,0.17851507338280992,82,0.32209141680690473,False
E01,E15,0.14522210584639514,0.17957115845318122,87,0.32366695566408427,False
E14,S04,0.14505887592525546,0.18006597363788773,87,0.32407904726881437,False
T15,S10,0.14854607660866678,0.180165978820629,83,0.32407904726881437,False
T13,V11,0.14830042535771668,0.18362808101852518,82,0.3292552392550934,False
E01,E11,0.14385579051324435,0.18374373364352237,87,0.3292552392550934,False
E04,V01,0.14552656239915082,0.18387773283764622,85,0.3292552392550934,False
T03,S09,0.14729062908970667,0.18391687234747667,83,0.3292552392550934,False
E13,S15,0.14637532288012758,0.18397369018264823,84,0.3292552392550934,False
T05,T14,0.14087501520833354,0.18537306110799232,90,0.33142456379913776,False
T04,T11,-0.14093620813764388,0.18771132204305482,89,0.33486908751954486,False
S04,S07,0.14339646934826375,0.187783754487661,86,0.33486908751954486,False
T06,E07,0.1425275443923268,0.18786723384571077,87,0.33486908751954486,False
T11,V05,0.14499091565553787,0.1882016304950761,84,0.3351276518876104,False
T15,S07,0.14399136027749987,0.18859666445246656,85,0.33549356390036766,False
T05,E03,-0.14154905006642668,0.19094756335692176,87,0.3393345252427224,False
T07,E11,0.14147752428264943,0.19117415225290277,87,0.33939643880405007,False
T07,T08,0.13858665188739733,0.1926887353986429,90,0.3417028866269124,False
T13,E04,-0.1426282987345134,0.1928594258419692,85,0.3417028866269124,False
S10,V13,0.14509723925450715,0.19338329337993687,82,0.34228842928248826,False
T03,E15,0.14224753741939908,0.19406252170070623,85,0.34314751589435566,False
T03,T13,0.1403250432321055,0.19485196469386462,87,0.34406013596401147,False
T14,V10,0.1428216132605833,0.1949674103796065,84,0.34406013596401147,False
S01,S13,0.14103100569179183,0.19524642198086878,86,0.3442093295877866,False
E09,S11,0.14044528357664726,0.19712682311697965,86,0.34717858399706863,False
S08,V14,0.14196280988451762,0.19769372118672585,84,0.34783090109394105,False
T12,S11,0.13997908153426894,0.19863279578613044,86,0.3491360958703584,False
E06,S14,0.14228303603885073,0.1994427314953987,83,0.35015087205503614,False
T06,V04,0.13963187074749653,0.19975974521304735,86,0.35015087205503614,False
T02,S13,0.13879788514225763,0.19980360495795846,87,0.35015087205503614,False
S01,V10,0.14087673182165603,0.2011805931553439,84,0.3522152817853202,False
T01,S05,-0.13819932262527715,0.20176879387156438,87,0.3528960129967085,False
T15,S09,0.14049513733841845,0.20241610080669714,84,0.3535103317120767,False
T03,E13,-0.1413242665171996,0.2025194781672575,83,0.3535103317120767,False
E06,S04,0.13866770884041474,0.20291317647422588,86,0.3538030439875257,False
S03,V02,0.13944423351402802,0.2030869450233481,85,0.3538030439875257,False
S05,V14,0.1392001322597118,0.20388672621409865,85,0.3548471046204077,False
E02,S15,-0.13824523997419225,0.20430608271060635,86,0.355156095607532,False
E04,E05,0.1390238893464537,0.20446557142603114,85,0.355156095607532,False
T05,E11,0.13714712428974246,0.20525683206605527,87,0.35608612567890763,False
E05,E14,0.13869348384337687,0.2055539026002644,85,0.35608612567890763,False
T11,E07,0.13867814393417746,0.20560453132420542,85,0.35608612567890763,False
T13,S03,0.13861221547378325,0.20582222671176492,85,0.35611470310833226,False
T02,S12,0.13717720998421468,0.2078578735511712,86,0.35928558221247364,False
S05,V05,0.13703492848212123,0.20833433714061084,86,0.3597578309647621,False
E10,E13,0.13756685322911066,0.20929599904723326,85,0.36106619718674743,False
T04,E04,-0.13579102217396752,0.20981552264037404,87,0.3616100049400799,False
S05,S08,0.13640371966690926,0.21045746587736117,86,0.3623635356059623,False
T15,V01,0.13789936585847357,0.2109647546250559,84,0.3628839802588425,False
T10,S13,0.13473035735220143,0.2134309075643162,87,0.3664813320986896,False
T04,S01,0.1355036777906764,0.2135113601030831,86,0.3664813320986896,False
T15,V12,0.13793210247696452,0.21367725125754103,83,0.3664813320986896,False
T15,V08,0.1368837755021303,0.21437817993100314,84,0.3673275687104313,False
T14,S13,0.13514413080995466,0.2147400592793206,86,0.367591784259572,False
E02,V14,-0.13486898284191143,0.21845321318472807,85,0.37358665443185385,False
T11,E06,0.13554303215493846,0.21894406123218582,84,0.37387149761550964,False
E07,S05,0.13310906313222912,0.21904222769903023,87,0.37387149761550964,False
E03,V15,-0.13446993406185287,0.2198313067955602,85,0.3748568526282674,False
S12,V12,0.13582112974970964,0.2208367631893845,83,0.37620892285390817,False
T12,E01,-0.1331912404270852,0.2215012190115845,86,0.3769751219277369,False
T03,T06,0.13082224110219304,0.22171248696427917,89,0.3769751219277369,False
T12,E07,0.13278029947777686,0.22294281854922035,86,0.37843998977359256,False
T13,V03,0.1343679932845092,0.22300164369144468,84,0.37843998977359256,False
T15,E07,0.13266577968129245,0.22334573133622126,86,0.37866086634589236,False
T14,V05,-0.13339041921092537,0.2235900167531647,85,0.37871227718000144,False
T10,V12,0.13412479041662892,0.22384801385687267,84,0.37878679209050153,False
E13,S04,0.13309513892215719,0.2246259527065054,85,0.379740149274608,False
E01,V12,0.13347442582585894,0.2261224159156892,84,0.38190522535378807,False
E05,S13,0.1325719835812292,0.22646960438594124,85,0.3821269778485376,False
E10,V05,0.1315818636197948,0.22718459911261918,86,0.38261367047612477,False
T15,E14,0.1315579461526333,0.22726982446118396,86,0.38261367047612477,False
E05,V14,0.133926006564601,0.2274065431304425,83,0.38261367047612477,False
E12,V04,0.13145493710276338,0.2276371334073557,86,0.38263791655367485,False
E02,V01,-0.13181204705131938,0.2291665347804183,85,0.38484323203163223,False
T06,E08,0.13159045750405024,0.2299571399562522,85,0.3858048698792098,False
E12,E13,0.1314913531136803,0.2303113482883403,85,0.38603322582420674,False
E06,V15,0.1321306881171323,0.23087277996904174,84,0.38660815567190526,False
T09,T12,-0.12782278045792575,0.23258177272581188,89,0.38870553258501744,False
E07,V02,0.13078822325290293,0.23283533751924962,85,0.38870553258501744,False
E05,V09,0.1323685613396602,0.23290711148571575,83,0.38870553258501744,False
T10,V09,0.13071370812295585,0.2331039452139145,85,0.38870553258501744,False
T02,E04,0.12913485490019236,0.23323494288608498,87,0.38870553258501744,False
T02,S03,0.12907788971046966,0.23344292719653872,87,0.38870553258501744,False
T02,T08,0.12667284701839474,0.2341543638719935,90,0.38952370681713205,False
E04,S13,0.12867234865541968,0.23492732186212892,87,0.39044259126381986,False
T10,S08,0.12928919641252706,0.23545606087784143,86,0.39095424742380797,False
T12,S06,0.12909576796401376,0.2361633608164358,86,0.3914993590773333,False
T11,S02,0.12985176047815905,0.23622673191784857,85,0.3914993590773333,False
T06,V12,0.1304668980881726,0.23685046349378722,84,0.39159124443272303,False
T04,T08,0.12592919133862088,0.23693421165259346,90,0.39159124443272303,False
T14,E13,-0.13039414783889128,0.2371142690522014,84,0.39159124443272303,False
E03,V09,-0.12955543386344204,0.23730698517116575,85,0.39159124443272303,False
S15,V01,0.13031861935264247,0.237388364562888,84,0.39159124443272303,False
E04,V15,0.1293918029972972,0.2379049648413372,85,0.3920780146826507,False
E10,S01,0.12837204169467575,0.23882285822646532,86,0.3932246130798545,False
S12,V04,0.12882885571921426,0.23997019979587836,85,0.3947465182515843,False
S03,S08,0.12774505197803507,0.24114359235444663,86,0.39601949282362675,False
T11,E08,0.13007046646853904,0.2411915329174405,83,0.39601949282362675,False
T15,V10,0.1290137161729148,0.24215861975887537,84,0.39723888505394755,False
T13,E05,0.1289239109249802,0.24248933230583244,84,0.39741307239011425,False
T12,E14,0.12727363445457934,0.24289873059801756,86,0.39767327269195435,False
T04,T05,0.12360294977767054,0.24309744692242632,91,0.39767327269195435,False
T07,E06,0.1269591647857387,0.24407442709139596,86,0.3985972521369064,False
E13,V05,-0.12848431437462263,0.24411266741039916,84,0.3985972521369064,False
T02,V10,0.12758820598804593,0.24456537114054283,85,0.3989683934735123,False
S08,S10,0.12872623434901373,0.24613065032539777,83,0.40115216489498534,False
E02,S13,-0.12558234018044007,0.2464532923161778,87,0.4013084888681092,False
S10,V12,0.13014896294099867,0.24683621418644772,81,0.4015625910937614,False
T10,E10,0.12506400284311048,0.24842420542470078,87,0.40280712013450026,False
T12,V05,0.126542495482616,0.24848533102056983,85,0.40280712013450026,False
T12,E02,0.12578234881361638,0.24850894158263856,86,0.40280712013450026,False
T01,E14,0.12496696229222355,0.24879439014014781,87,0.40280712013450026,False
E13,V13,-0.12796573076126858,0.2489555785207678,83,0.40280712013450026,False
T01,E10,-0.12492183695030705,0.24896666069330128,87,0.40280712013450026,False
T15,E12,0.12551040708559474,0.24954150286436347,86,0.4033684566848615,False
T15,S06,0.12527901259863564,0.25042242183031677,86,0.4044230717515152,False
E02,V08,-0.12566220754054092,0.2518184648967326,85,0.40606380033206924,False
E12,S08,0.1247816063589367,0.25232325951779544,86,0.40606380033206924,False
E01,S15,0.12475450686353103,0.2524271031513709,86,0.40606380033206924,False
T06,S15,0.12472586023015382,0.2525369071239915,86,0.40606380033206924,False
T03,T07,0.12254817764437588,0.2525854486811346,89,0.40606380033206924,False
E13,S09,0.12692266568281851,0.2528661529596474,83,0.4061461803435352,False
E04,V08,0.1251416151509796,0.25380398332776344,85,0.407282910689158,False
T01,E06,0.12419784117090549,0.2545666858501892,86,0.40780221818211576,False
T03,V12,0.12721523781800154,0.2547313600262601,82,0.40780221818211576,False
E08,S09,0.12640596779862837,0.2548187871804633,83,0.40780221818211576,False
S01,V04,0.1246746797232198,0.2555939353513859,85,0.4086732299656306,False
S02,V02,0.12460063817163672,0.2558785557423013,85,0.40875906467858597,False
T15,E15,0.12360509698588884,0.25685852141912363,86,0.4099545382433263,False
T13,V04,0.12500131652826804,0.25723949055731843,84,0.4101927011589672,False
T01,V05,-0.12340395547892119,0.25763941809683016,86,0.41021689687907004,False
E08,V01,0.12487662292284478,0.257718186061879,84,0.41021689687907004,False
T14,T15,0.1211409279572322,0.25811572985052933,89,0.4104805407326477,False
S08,V02,0.12458995242163971,0.2588210055001655,84,0.4112326568539434,False
T13,E06,0.1236578290343279,0.2595216817174807,85,0.4115220857088402,False
T02,E07,0.12217874453043182,0.25959280176165156,87,0.4115220857088402,False
E02,E04,-0.12210496529949715,0.25988280221708704,87,0.4115220857088402,False
T12,V03,0.12353160464899707,0.2600120909601138,85,0.4115220857088402,False
E12,V01,0.12340320213832409,0.26051160847314725,85,0.4115220857088402,False
T04,E15,0.12191700480115088,0.26062260463861187,87,0.4115220857088402,False
E14,V10,0.12335435512736123,0.2607018064670975,85,0.4115220857088402,False
S04,V12,0.12406129543138596,0.26086315263577325,84,0.4115220857088402,False
T13,V14,0.12475784230477206,0.2611158036200523,83,0.4115538489826292,False
T08,T13,0.12099963350707273,0.2614462477838302,88,0.41170805923254394,False
E13,V07,0.12434624461776622,0.26270473783884174,83,0.4130507664133517,False
T02,S09,0.12282586901636895,0.2627656288030701,85,0.4130507664133517,False
S03,S05,0.12128696859988901,0.2631128240474728,87,0.413229546197007,False
T10,E12,0.12095496694309824,0.2644315301328788,87,0.41493245419786834,False
E13,V02,-0.1236342985859674,0.2654685780584058,83,0.41619077339537486,False
E03,S03,-0.12060447087388942,0.2658285442302038,87,0.416386303794213,False
T03,V10,0.12274976475847038,0.26892970610508077,83,0.4208714233474739,False
E01,E14,0.11956778890995003,0.269989745804918,87,0.4221571113734142,False
T14,E06,0.1207998745181425,0.27077989256806334,85,0.4227109277373656,False
S03,V14,0.12078944307583339,0.27082157743173596,85,0.4227109277373656,False
E06,E15,0.11985565462547743,0.2716812528545128,86,0.42367913440747806,False
T09,E14,0.11941496192489351,0.2734604758216235,86,0.42571402742066283,False
T06,T11,0.11729978951394122,0.2736284573759505,89,0.42571402742066283,False
E03,V04,-0.1193538891102826,0.2737076628275222,86,0.42571402742066283,False
T14,S08,0.11974171048921532,0.2750304047705909,85,0.42739580021417545,False
T01,E15,-0.11820889035945402,0.2755104453500332,87,0.42776621778031476,False
T01,S13,-0.11793744947110711,0.2766222101243837,87,0.4291159613673612,False
T13,S12,0.11993935358007785,0.27716072001316094,84,0.4295748462550743,False
S10,V03,0.12022869926279804,0.278960712789384,83,0.4317804110948844,False
E15,V10,0.11873027043226196,0.27913481793795747,85,0.4317804110948844,False
S06,S08,0.11797815553102176,0.27931557666872464,86,0.4317804110948844,False
T01,V13,-0.1185322858152327,0.27994299864922156,85,0.4323726942487977,False
T05,V08,0.11824449054631357,0.2811205712826938,85,0.4332916282786548,False
E07,V03,0.11752053098833902,0.28119787952063846,86,0.4332916282786548,False
T09,E07,0.11750033174498989,0.2812811574870367,86,0.4332916282786548,False
T01,V09,-0.11814774645413559,0.28151715961607515,85,0.4332916282786548,False
T05,S03,0.11656827667727677,0.2822757999172152,87,0.43408181220979225,False
T06,S06,0.11635600363823193,0.2831591592139107,87,0.43454610658118636,False
E06,V08,0.11843267920262511,0.283284249439631,84,0.43454610658118636,False
T05,V04,0.11700843390029755,0.2833142412399373,86,0.43454610658118636,False
T14,V06,-0.11909066486427279,0.283569586104074,83,0.43456118389974974,False
T09,E13,0.11819759069137994,0.2842477631521366,84,0.4351843163899715,False
E13,V10,0.1188702770091933,0.2844679401486989,83,0.4351843163899715,False
E15,S05,0.1159487982413628,0.28485885997368393,87,0.4354060294934547,False
E04,E11,-0.11587826056369087,0.2851539760087296,87,0.43548105050513497,False
T10,V08,0.11680352585657137,0.2870661620389288,85,0.43802336793871033,False
S01,V14,0.11740070748203016,0.28752998248782474,84,0.4381007488213753,False
T07,V15,0.11667225695966865,0.28761190402849607,85,0.4381007488213753,False
T08,S05,0.11580514779233941,0.2883287074428588,86,0.43881497177460027,False
T01,T13,-0.11367641536767559,0.2888246165683623,89,0.4391920715859117,False
E06,S13,0.11548760414945385,0.28966174965597863,86,0.44008695012110055,False
T04,S09,0.11557202313772737,0.2922130635762942,85,0.4435824378473762,False
S04,S11,0.11391004977336762,0.2934704930492271,87,0.44510948817234963,False
E06,V09,0.1155896798596841,0.29508228451456214,84,0.44685126796525004,False
T02,T07,0.11092730238761525,0.2951985146380434,91,0.44685126796525004,False
T01,T09,0.11151460919917573,0.2953762618753348,90,0.44685126796525004,False
E15,V13,0.11468742652790972,0.29594744625785085,85,0.44733303149137144,False
T06,V14,0.11453867696850305,0.29657846887555867,85,0.4477926941373497,False
E09,S05,0.11381335242245337,0.2967575311994978,86,0.4477926941373497,False
T03,V13,0.11573799469247747,0.29744011576700824,83,0.4484403789672952,False
E07,S08,0.11334455090295788,0.2987646830504651,86,0.45005403319091336,False
E12,V09,0.11390363890286676,0.29928234815187765,85,0.45045047298369345,False
T09,E04,0.11274820356795032,0.3013307475054351,86,0.45258796302607357,False
T10,V07,0.11338835759425835,0.3014881547748381,85,0.45258796302607357,False
T02,E01,0.11202236806548131,0.3015954333881039,87,0.45258796302607357,False
E02,V13,-0.11333310491110314,0.30172530868404907,85,0.45258796302607357,False
T08,V10,0.11392770546849296,0.3021267652135963,84,0.452806413571605,False
E09,V13,0.11352833810342665,0.3038357654745199,84,0.4547419140796044,False
T04,S02,0.11148568324070665,0.3039320250599842,87,0.4547419140796044,False
T14,S11,-0.11206654134195476,0.30428152030671535,86,0.45488031329635653,False
E05,V10,0.11394514345433039,0.3050370097253881,83,0.4552923805053743,False
E07,E08,0.11255647878104678,0.30507161767196267,85,0.4552923805053743,False
E04,V06,0.11276557990057887,0.3071172956225049,84,0.4576625014982834,False
T15,E10,0.11140186082908572,0.3071768654124072,86,0.4576625014982834,False
E02,V05,-0.11128532459041736,0.3076863364215296,86,0.4580360096434882,False
E13,E14,0.11170392501185278,0.3087728129106766,85,0.45918823365516626,False
S02,V06,0.1123054378642959,0.30910801261569704,84,0.45918823365516626,False
S05,V01,0.11155545819530553,0.30942031985739876,85,0.45918823365516626,False
T05,E15,0.11021798120792115,0.309498058051194,87,0.45918823365516626,False
T05,E06,-0.11055930673106723,0.31087268959495273,86,0.4608414242739249,False
T09,V05,0.11094622830415418,0.3120865650308969,85,0.461488356395694,False
T12,S02,0.11028336491795426,0.3120893324176131,86,0.461488356395694,False
T02,T10,0.10714091684476822,0.31209127830827443,91,0.461488356395694,False
E04,V10,0.11083201308695116,0.312588068372461,85,0.46183712939837723,False
E14,V04,0.11005861859482707,0.31308252533148573,86,0.4621818764276312,False
T08,E14,0.10972933459856411,0.3145413746056458,86,0.4639485275433275,False
T12,V12,0.11166643285278671,0.3148733896788596,83,0.46405154015951827,False
T09,E15,0.10930004462692586,0.31644986681121945,86,0.46598690869871745,False
E01,S04,0.1085092884441604,0.3171043256538147,87,0.46625351299063333,False
T06,E04,0.10849737962820281,0.3171577568591653,87,0.46625351299063333,False
E07,E13,0.10968264982919419,0.31766375760542687,85,0.4662746640751546,False
E01,E13,0.10967470901000959,0.3176990084037494,85,0.4662746640751546,False
T06,E13,-0.10948793462729434,0.3185288610615307,85,0.46710528921202105,False
T13,E12,0.10928058832814398,0.3194517472078711,85,0.4680708547664999,False
T09,S09,0.10982006965048126,0.3200048671095717,84,0.4683841313844655,False
T08,S13,0.10841786485971429,0.32039514116929146,86,0.4683841313844655,False
S01,V05,0.109054630619213,0.32045942548394785,85,0.4683841313844655,False
T13,S01,0.10965715031812469,0.32072767847368844,84,0.46838943143434697,False
T08,T14,0.10623539770755092,0.32175285613982196,89,0.46949922124277405,False
T08,S07,0.10803645453222387,0.32502534458773996,85,0.4734163621927928,False
T04,E06,0.10735658747880449,0.3251830275178666,86,0.4734163621927928,False
T07,T12,0.10487577682812024,0.3252397154951616,90,0.4734163621927928,False
T11,E01,-0.10785092299012292,0.3258617986170619,85,0.4739321146690218,False
E06,S09,0.10826959374740112,0.32692613894857203,84,0.4750897093095012,False
S03,V09,0.10738014763291885,0.327990412183891,85,0.476245307272754,False
E10,V04,0.10646714573530604,0.329230710211682,86,0.4776543910448173,False
E03,S08,-0.1060990851420525,0.3309150225210464,86,0.47902065566235835,False
E09,S13,0.10605261394645096,0.33112807168334213,86,0.47902065566235835,False
E10,S04,0.10541349608762561,0.33118928329759406,87,0.47902065566235835,False
T07,S04,0.10533004930634084,0.33157435972507826,87,0.47902065566235835,False
T05,E05,-0.10659060341195663,0.3315801754970924,85,0.47902065566235835,False
V01,V09,0.10719112612030207,0.33179622815935106,84,0.47902065566235835,False
E08,V06,0.10831112039440863,0.3327472916581149,82,0.4800022055703858,False
T06,E02,-0.1048489023546003,0.3338002197317004,87,0.4807502654099989,False
T09,S01,0.10610309842143058,0.33380908259259245,85,0.4807502654099989,False
T04,V08,0.10577133178158823,0.33533135571191336,85,0.48220206056464454,False
E01,E04,0.10451251733965884,0.3353619980537161,87,0.48220206056464454,False
E03,V03,-0.10499973439999236,0.33597837638902706,86,0.4826962063381314,False
T15,E05,-0.10533834100901072,0.33732467557803436,85,0.48360777729686905,False
E02,V03,-0.1046966892102775,0.337382695801763,86,0.48360777729686905,False
E01,S03,0.10406807469144891,0.33743254517606397,87,0.48360777729686905,False
T09,T13,-0.10302807526342204,0.339469017717957,88,0.4861328166349384,False
T08,E15,-0.10417867829449634,0.33979173673362895,86,0.48620159581125566,False
S05,S15,0.10408523319165752,0.34022745900427903,86,0.48643182749400155,False
E08,V07,0.10583631512260533,0.34096019562201413,83,0.4870859937457344,False
S12,V09,0.10492069749069984,0.342198482718888,84,0.48834157243270543,False
T15,V03,0.10424506158568964,0.3423908990898234,85,0.48834157243270543,False
S08,V08,0.10471509772595985,0.3431504657863543,84,0.48903085703852417,False
T08,V09,-0.10430510429604216,0.3450538004203679,84,0.49107409836768434,False
E10,V10,0.10365625770308019,0.3451390838245194,85,0.49107409836768434,False
E09,S10,0.10477474843819028,0.3458522866471125,83,0.49169361234167797,False
E01,S12,0.10236425774694957,0.3483149401221381,86,0.49479730659404847,False
T06,S03,0.10164523608540639,0.34886141256567893,87,0.49517618303227884,False
S12,V06,0.10333345058150956,0.35256417990408323,83,0.5000309282293488,False
E06,V12,0.10316814312399214,0.3533391268557303,83,0.5007287866570398,False
T03,E02,0.10167345964620694,0.354494779522564,85,0.5019646078039506,False
E02,S02,0.1003999423606626,0.35482848727920296,87,0.5020355095796877,False
E14,V05,0.10075591556834011,0.3559806323813484,86,0.5026273324252292,False
T08,T12,0.09899989198769733,0.3559914446377969,89,0.5026273324252292,False
S05,V07,0.10133681472175139,0.356098686362281,85,0.5026273324252292,False
T01,S14,-0.10169869354166573,0.3573077343864075,84,0.5039320237959691,False
E14,S05,0.09977971898630546,0.3578238787500296,87,0.5042581730792615,False
S08,V03,0.10068261996701589,0.35922834531623055,85,0.50583466285579,False
T05,E07,0.09874744089065006,0.3628438411722065,87,0.5105195539545354,False
E01,V08,0.09956368163014193,0.36462052453981,85,0.5115666849268341,False
T14,E10,0.0989661528890304,0.36463278591406023,86,0.5115666849268341,False
T01,S15,0.09895916148862775,0.3646668350519403,86,0.5115666849268341,False
T14,S06,0.09894328642943538,0.36474415614557326,86,0.5115666849268341,False
T09,V01,0.09997535329255346,0.3655557764565577,84,0.5122581939538571,False
T06,V13,0.0993169817698878,0.36581602099303695,85,0.5122581939538571,False
T03,S14,0.10098578842470725,0.36666546753200124,82,0.5130418004202705,False
T07,E14,0.09782410644918428,0.36737050861200377,87,0.5136222750736545,False
T11,E09,-0.09947079783541933,0.3679925212276398,84,0.5140858425989917,False
S04,V11,0.09937400477376303,0.3684611144926631,84,0.514269596922718,False
E13,S11,0.09870962903417892,0.3687694441445585,85,0.514269596922718,False
E06,V07,0.09926367217833719,0.36899569948692196,84,0.514269596922718,False
E06,V13,0.09909361753170302,0.3698205773708073,84,0.5150137072748457,False
T14,V12,0.09946158974863707,0.3709918328829287,83,0.516238635379547,False
T09,E08,-0.09855572395461235,0.3724371152888451,84,0.5178426504801695,False
T07,E02,0.09656755549824937,0.3735860150300031,87,0.5190323756696276,False
T01,E04,0.09635309965912131,0.37465316694863626,87,0.520106749411048,False
E10,S03,0.09625246926224264,0.3751545504545531,87,0.5203946350349208,False
T06,S09,0.0968713186555154,0.377797136640349,85,0.5236499074811415,False
T04,S10,0.09721357823411318,0.37901480528439774,84,0.524926608257734,False
E06,S03,-0.09517641299636696,0.3833746280886206,86,0.5302857326229251,False
T03,S10,0.09750793777344251,0.38348346765951646,82,0.5302857326229251,False
T05,S09,0.0955932500775311,0.3841516268118519,85,0.5307949878664933,False
E06,E12,0.09473670444205283,0.38558604656592305,86,0.5323249824656596,False
T07,E04,0.09412286506851494,0.3858604251431872,87,0.5323249824656596,False
E03,V10,-0.0951254298490012,0.386493563058911,85,0.532783182721396,False
E02,E05,-0.0941223945757883,0.39154356824825154,85,0.5393246037349457,False
E13,S14,0.09563894789326666,0.3927097331384264,82,0.5405102858903691,False
E01,S13,0.09260135963453606,0.3936203392980464,87,0.541342657775868,False
T02,T09,-0.09084471298804453,0.39446710061924206,90,0.5419165744633153,False
T07,E15,0.09233698409829645,0.3949780974015416,87,0.5419165744633153,False
S12,V14,0.09394826528351938,0.39530815668177566,84,0.5419165744633153,False
T10,E04,-0.09218703523809808,0.3957494270048943,87,0.5419165744633153,False
T08,E10,-0.0927297452299826,0.3957764174778194,86,0.5419165744633153,False
E05,E12,0.0932329094008761,0.39605460611126597,85,0.5419165744633153,False
T02,T13,0.09103676432957185,0.3961808177149887,89,0.5419165744633153,False
E08,V13,0.09415291114045508,0.39719129726491026,83,0.542781062923581,False
T12,S07,0.09296366507212964,0.3974261342084525,85,0.542781062923581,False
T12,E12,0.09208950944730532,0.39906053217494286,86,0.5443018290490835,False
T03,S04,0.09262511795156539,0.39915467463599463,85,0.5443018290490835,False
T14,E04,-0.09199974515698443,0.3995222655363825,86,0.5443836874514218,False
T06,S08,-0.0919352061193087,0.39985443911731955,86,0.5444171978751197,False
T07,E08,0.09240503313075152,0.40028075353938397,85,0.5445787346385162,False
E06,V06,-0.0934610098777583,0.4006848039720316,83,0.5447097565518402,False
T09,E09,-0.09220466791648253,0.40130756413864943,85,0.5451376734653949,False
T03,S06,0.09203574583514547,0.40217444324973856,85,0.5458962918343844,False
T03,V06,0.09358339922487219,0.4030078802060965,82,0.5466083892450504,False
S02,V11,0.09193229101369284,0.4055717299306234,84,0.5496645956946428,False
T14,V07,-0.09179272244070316,0.4062880266387665,84,0.550214083512331,False
E05,V05,0.09166734816187876,0.4069321066961048,84,0.5506650067676648,False
T03,E06,-0.09143766674499741,0.40811358913381757,84,0.5518419043291498,False
E08,E13,0.09164865833151262,0.409921073656648,83,0.5537284982335049,False
T10,E14,0.08942156698144965,0.4101344978441384,87,0.5537284982335049,False
E05,S08,0.09097608276351075,0.41049403677559654,84,0.5537914977841508,False
T06,T13,0.08790528337500725,0.4126946678092907,89,0.556193509396259,False
T10,V06,0.09045418038208558,0.4131952830213644,84,0.556193509396259,False
T10,E02,-0.08878359885473558,0.4134958089830856,87,0.556193509396259,False
E08,V14,0.09094672203815442,0.4135314454042242,83,0.556193509396259,False
E06,S01,0.08961504289256447,0.41471775694529056,85,0.5573655503364953,False
S02,V14,0.08934736454911686,0.4161185850678715,85,0.5586119412191871,False
T02,E15,0.08825813433958268,0.4162763561966711,87,0.5586119412191871,False
T14,E07,0.08840179448652828,0.418288181340495,86,0.5608864249793002,False
T01,S09,-0.08884914593523471,0.41873317740960736,85,0.5610580802535995,False
E08,S02,0.08878402108904393,0.41907564490201005,85,0.5610922023271995,False
T08,S09,0.0888693683365301,0.4214609743401443,84,0.5638593534255899,False
T08,S08,0.0873726841998402,0.4265369921111396,85,0.5699784974348259,False
T12,E15,0.08682340096316854,0.4266788187012115,86,0.5699784974348259,False
T10,S11,0.08599522661768769,0.4283739461380188,87,0.5717876290184096,False
T14,V08,0.08749997301391242,0.428679199834706,84,0.5717876290184096,False
S02,V01,-0.08609825154625222,0.43333942845122997,85,0.5775683647279194,False
T13,T15,0.08351513775192493,0.4365082814342731,89,0.5813438020880717,False
S02,V13,0.08543758304915396,0.43688992901965085,85,0.5813438020880717,False
T12,V01,0.08590824163220281,0.43715740145718834,84,0.5813438020880717,False
T15,E11,0.08477688452329522,0.4377001147717728,86,0.5816285308904188,False
E02,S08,0.08460624649035964,0.4386262743805225,86,0.5824219847363277,False
E03,V11,-0.08552779397185062,0.43919775785013343,84,0.582743651720192,False
T03,E08,0.0858731984558247,0.4401708426380947,83,0.5834315681648884,False
E15,S02,0.08378610145509101,0.44037546614027734,87,0.5834315681648884,False
T02,V12,0.08514430767425081,0.44125983232981586,84,0.5841659709975873,False
T15,E04,-0.08402558821658614,0.4417861429095866,86,0.5843809142216639,False
T08,E11,-0.08397124764227476,0.44208251081514577,86,0.5843809142216639,False
E05,S02,0.08436954265784673,0.44266433053234083,85,0.584713332121077,False
S02,S07,0.08299849229639782,0.44740668534915845,86,0.5905350098472067,False
T04,V04,-0.08291399991086684,0.44787082047136934,86,0.5905350098472067,False
T15,E13,-0.08388442959890767,0.44807260916655295,84,0.5905350098472067,False
T01,S12,0.08238532036276536,0.4507810650444782,86,0.5935384538069809,False
T02,E11,0.0818303824308612,0.45115652764819286,87,0.5935384538069809,False
T03,S13,0.08277627770776927,0.4513574908611278,85,0.5935384538069809,False
T04,V15,0.08230538570867704,0.45394480373343177,85,0.5958784762707765,False
S02,S05,0.08129874836382699,0.4541123593543163,87,0.5958784762707765,False
T06,V10,0.08226866152474911,0.4541469290899873,85,0.5958784762707765,False
E08,E10,0.08196913907283054,0.45579732234747367,85,0.5976009337444654,False
E12,S05,0.080822738156521,0.45676800270987805,87,0.5984303218330749,False
T09,V08,0.08202979008068043,0.45820743658351654,84,0.5998721617994263,False
E08,S10,0.082450368047609,0.4586753615340352,83,0.6000409385921969,False
E05,E13,0.0823557830905265,0.4591927091421148,83,0.6000749936842708,False
T02,S10,-0.08181678500552292,0.45937944431761973,84,0.6000749936842708,False
E08,S11,0.08119486538193292,0.4600789464432303,85,0.6005455274369599,False
S08,V09,0.08150044332840987,0.461123073347213,84,0.6012885652984763,False
T04,V06,-0.08146337767781073,0.4613276111160061,84,0.6012885652984763,False
E15,S13,0.07987889557936119,0.4620589251816034,87,0.6017986001261502,False
T11,E03,-0.0806166241572459,0.4632908969132485,85,0.6029594761297425,False
E04,S02,-0.07957278342636594,0.4637820935770647,87,0.603155257627777,False
T15,S05,0.0795929249427588,0.46632566732278397,86,0.6060179377102259,False
T03,E10,0.07985354733978982,0.46754826432219976,85,0.6071609888850282,False
T03,S07,0.0795093975576698,0.4721803378445792,84,0.612638107638843,False
E09,V11,0.07995011380842916,0.47245820165368396,83,0.612638107638843,False
T07,V06,0.07899744701940611,0.4750464466523561,84,0.6153385685807452,False
E13,V09,0.07945101709626347,0.47523605833326477,83,0.6153385685807452,False
T09,V03,0.07833183428998464,0.4761014173057222,85,0.6160084127420529,False
E09,V09,0.07867836477133726,0.47683752980880495,84,0.6165101736753723,False
T08,E05,0.07861095637408116,0.47721637270669054,84,0.6165496202122936,False
E09,V05,0.07795753710241567,0.47821807092660584,85,0.617310679374709,False
E06,S08,0.07790722561289008,0.4785029672893224,85,0.617310679374709,False
T12,S08,0.07768229886446483,0.47977776139214323,85,0.6182926819819778,False
T03,V05,0.07812313565152487,0.4799627938097387,84,0.6182926819819778,False
T14,E05,0.07791941493793499,0.48111223662065583,84,0.6193226609589534,False
S12,V03,0.07723265328312881,0.482331613660529,85,0.6197276537606901,False
T10,V03,0.07676811985086002,0.4823434161492491,86,0.6197276537606901,False
T02,S02,0.07623968235406678,0.4827705256526886,87,0.6197276537606901,False
E02,V07,-0.07714551617912296,0.482827364144628,85,0.6197276537606901,False
T10,S07,0.0765278074702566,0.48371950257917545,86,0.6204228402645946,False
T05,T09,0.07467064572657711,0.48426263161994215,90,0.6206697016417796,False
T09,E05,0.07729070174258065,0.484668849385789,84,0.62074085630452,False
T07,E03,-0.07576349026845085,0.4855168125422265,87,0.6213772655095741,False
E01,S02,0.07565136645485433,0.48616465697187305,87,0.6217568228614272,False
E09,V06,-0.07700747804310915,0.48896228685672694,83,0.6248832113620264,False
E03,S10,-0.0760679029873002,0.4916260445448065,84,0.6278341261502941,False
E13,V04,0.07582046551658858,0.49304022964125915,84,0.6287804884810482,False
E04,E15,0.07445982611492673,0.4930775807975677,87,0.6287804884810482,False
T04,T12,0.07266908784960838,0.4960844507401205,90,0.6321594512671082,False
E02,V02,-0.0746206624352184,0.4973093496519482,85,0.6331785324571847,False
T09,V02,0.07502524365119159,0.49759962635477056,84,0.6331785324571847,False
T09,V10,-0.07476430408308728,0.4991005073744832,84,0.6346321106701402,False
T04,V01,0.07392922223630789,0.5013145347955704,85,0.6369897534731943,False
T14,S04,0.07336353303554154,0.5020324015265933,86,0.6370285390359499,False
T07,S11,0.0729237958057802,0.5020648655113843,87,0.6370285390359499,False
T02,E08,0.07373784736903195,0.5024260348221684,85,0.6370301444378497,False
T01,S06,-0.07270069726600495,0.5033772539162875,87,0.6373979673646302,False
T13,E14,0.07356408301545238,0.5034363606642672,85,0.6373979673646302,False
T02,V09,-0.07332051552983998,0.5048543170076066,85,0.6387363410317826,False
E03,S01,-0.07227290603325905,0.5084267253620123,86,0.6424154565592193,False
S08,V12,0.07359300599109048,0.5084881664629752,83,0.6424154565592193,False
S05,V02,0.07253292134826475,0.5094534933856565,85,0.6431759509933038,False
E09,S07,0.07210915112834579,0.5119369921341408,85,0.6458506600694435,False
T08,V05,-0.0716225159834928,0.5147965401848423,85,0.6489956382672157,False
T10,E15,0.07042695641594189,0.5168534608841412,87,0.6511250005444341,False
E13,S06,-0.07098609426007575,0.518548516628194,85,0.6525750044943629,False
E03,E06,-0.0704916019705695,0.5189599411488478,86,0.6525750044943629,False
T13,S07,-0.07132343686606742,0.5191105120497531,84,0.6525750044943629,False
T12,E13,-0.07111878929238727,0.5203132966037824,84,0.6536228069472639,False
T04,E01,0.06974695249339447,0.5209191271703834,87,0.6537476102319509,False
T02,T05,0.06811845965194833,0.5211513435238886,91,0.6537476102319509,False
E06,V05,-0.07031689104799457,0.5225086636571465,85,0.654986072714695,False
E14,V14,0.07016478919727219,0.5234108804398644,85,0.6553837954582004,False
T02,T15,0.06811000647425544,0.5235664897050256,90,0.6553837954582004,False
T01,V15,-0.06984957786404569,0.5252831026521396,85,0.6570679093245845,False
T03,V01,-0.07059925828303099,0.5259323200691419,83,0.6574154000864274,False
S04,V06,0.07001760735488453,0.5268094402887145,84,0.6574735037041747,False
S05,V08,0.0694724624462144,0.5275274205648673,85,0.6574735037041747,False
T02,T11,0.067835737748118,0.5276205516967444,89,0.6574735037041747,False
E06,S06,0.06900928050705121,0.5278088031148342,86,0.6574735037041747,False
T05,E04,0.068533607134258,0.5282135492015375,87,0.6574735037041747,False
T07,E01,0.06852342259904572,0.528274992452164,87,0.6574735037041747,False
T13,S04,0.06929604410049083,0.5285789806616048,85,0.6574735037041747,False
T14,V09,0.06956574591199294,0.5294867923631127,84,0.6579728054244612,False
T05,S14,0.06951813264310666,0.5297693036552354,84,0.6579728054244612,False
S05,V03,0.06853411281242647,0.5306612624478645,86,0.6579728054244612,False
T11,V01,0.06979549990008775,0.5306662929969427,83,0.6579728054244612,False
E02,S10,-0.06929707877008036,0.5310819016182728,84,0.6579728054244612,False
T05,E08,-0.06879329250327527,0.5315814212008997,85,0.6579728054244612,False
E04,E06,0.06838091567272557,0.5315825490152427,86,0.6579728054244612,False
E11,S04,0.06781907847997459,0.5325329541038247,87,0.6586885595833472,False
E04,S04,0.06733159463556579,0.5354898907922294,87,0.6618834544010098,False
T04,E03,-0.06724771835078815,0.5359994783053788,87,0.6620509955342082,False
T13,E08,-0.06775158482484697,0.5427993646064881,83,0.6699824793260001,False
S07,S08,0.06681234888402914,0.5434936443927815,85,0.6703719516203646,False
E14,V01,0.06668562913167587,0.5442600771151935,85,0.6704771579699441,False
T08,T10,0.06474276915040962,0.5443455836289794,90,0.6704771579699441,False
S04,V02,0.06655327418190302,0.5450611557260613,85,0.6704771579699441,False
E04,V12,0.06695392253909078,0.5450941414230224,84,0.6704771579699441,False
T05,V13,0.06634839107775993,0.5463023434997414,85,0.6713944903762609,False
T13,S02,0.06629952718408968,0.5465985653289219,85,0.6713944903762609,False
T13,E13,0.06625704199026197,0.5492960164099486,84,0.6742399091855819,False
T08,E01,-0.06426333351050326,0.5566389181918537,86,0.682779546222856,False
E06,S12,0.06431807287161742,0.5586758647487498,85,0.6848035184247141,False
E11,E13,0.0640303847652976,0.560439895881636,85,0.6861365477204704,False
T03,V11,0.06520834553982022,0.5605386711885877,82,0.6861365477204704,False
T04,T09,-0.06204370790526972,0.5612871564715614,90,0.6865779315512534,False
E13,E15,0.06330887879374959,0.5648756058388807,85,0.6904902087947644,False
S08,V11,0.0636541726176918,0.5675235049419171,83,0.6932481737385736,False
E08,S03,-0.06281297284614892,0.5679339412170941,85,0.6932710868650045,False
T08,V08,0.06297481703207676,0.5692945405058654,84,0.694453023222179,False
E07,V04,0.061995403948028015,0.5706769722570596,86,0.6956599455199693,False
E06,V02,0.06254450001223766,0.5719415326764916,84,0.6967216192962079,False
E06,V10,0.06230325963174653,0.5734279725342155,84,0.6980519335526557,False
T13,S09,0.062478250220245446,0.5747155683101016,83,0.6988417118046384,False
E02,S12,-0.06132367487988657,0.5748664024788438,86,0.6988417118046384,False
E03,S15,0.060844514539491065,0.5778635239714185,86,0.7020030455932812,False
T03,E12,0.06060559227998059,0.5816407426718087,85,0.7061070744369694,False
T09,E11,-0.059983400351974685,0.5832678163169307,86,0.7075970081432265,False
T10,T15,0.05841184123881246,0.5844717711056554,90,0.7085719416828836,False
T02,V01,0.05983578189210473,0.586456354103507,85,0.7104912708851523,False
T03,V03,-0.06002728315850144,0.5875394467842754,84,0.7113165669002512,False
E02,V04,0.05915659582415948,0.5884784503634668,86,0.7119664095306467,False
T07,E07,0.058297319266413176,0.5917146842682297,87,0.7153927535210155,False
E03,E14,-0.05816635723543412,0.5925489376157181,87,0.7159123683138711,False
T02,V14,0.058587952686342364,0.5943005528005975,85,0.7175388666146368,False
T11,E04,0.05814257874155837,0.5971116546337278,85,0.7204414646910009,False
T04,V13,-0.05760785201285939,0.6004945525718306,85,0.7238360003244564,False
T11,E05,0.05816440801693911,0.6014550813437051,83,0.7238360003244564,False
T02,S06,0.056769384169902855,0.6014806944976465,87,0.7238360003244564,False
T07,T10,0.055437293142974436,0.6017196735279161,91,0.7238360003244564,False
E09,E15,0.056968920308904304,0.6023662728121034,86,0.7238360003244564,False
T07,E12,0.056629432856522104,0.6023787731513697,87,0.7238360003244564,False
E04,E09,-0.056894994277643544,0.6028380934633312,86,0.7238964894369717,False
T06,V08,0.05702568132344503,0.6041872397582009,85,0.7250246877098411,False
T04,V02,-0.05656916137898278,0.6070899112401349,85,0.7280143244546333,False
E02,S04,0.05571546431055511,0.6082583105694325,87,0.728921604406158,False
E02,E12,-0.055466097509411914,0.6098668316307935,87,0.7303547307080543,False
T12,E09,-0.055954298726847554,0.6110089967652447,85,0.7312278054594206,False
T01,S08,0.05521889395303612,0.6135790388715717,86,0.7338073640558662,False
T09,S06,-0.05474475334812263,0.6166324464934446,86,0.7369611278145827,False
T13,T14,0.05385513662918654,0.6182413889236869,88,0.7383854645039984,False
T01,E03,0.05406286315772659,0.6189526624901529,87,0.7387364886092856,False
T08,S15,0.054195966115955625,0.6222767040168018,85,0.7422033464351342,False
T09,S07,0.05409284697444833,0.6229402493169028,85,0.7424944385797427,False
T09,S14,-0.05419237073929518,0.6244176072005563,84,0.7434775901485123,False
T09,S13,0.05351145610301304,0.6246051844919989,86,0.7434775901485123,False
T08,V02,-0.053733171835897854,0.6273611033745453,84,0.7459607287578124,False
E04,E14,0.052642975970288504,0.6282049017147306,87,0.7459607287578124,False
T03,V14,0.053907306751997536,0.6283695553385297,83,0.7459607287578124,False
T08,V15,-0.0535748846995135,0.6283770884620894,84,0.7459607287578124,False
E03,E13,0.05313197451029258,0.6291376166973304,85,0.7463629903178786,False
T15,S04,-0.05201055083819297,0.6343663474868335,86,0.7520619122918254,False
E04,E08,0.05157688269486806,0.6392219473653326,85,0.7573111424609362,False
E06,S11,0.050853490492661996,0.6419342871191611,86,0.7595269047432894,False
T05,V12,0.05147034508492117,0.6419504234440457,84,0.7595269047432894,False
T01,S07,0.0503191740147321,0.645441496456777,86,0.7626790066192072,False
T01,S11,0.049953953168014424,0.645884277795181,87,0.7626790066192072,False
T07,E05,0.05055152552097522,0.6459072491085828,85,0.7626790066192072,False
E02,V09,-0.05043571666616772,0.6466641006164391,85,0.7630173930364849,False
T13,S15,0.0506833226134079,0.6470570006855956,84,0.7630173930364849,False
T06,S05,0.049711672049857485,0.6474870758987572,87,0.7630173930364849,False
T01,V03,-0.04927189754894867,0.6523381838449424,86,0.7675350220521923,False
E13,V12,0.05037226215344796,0.6531264749495257,82,0.7675350220521923,False
T01,E09,-0.049138513896218136,0.6532186776148263,86,0.7675350220521923,False
E05,V06,-0.050326606530524176,0.6534206663944525,82,0.7675350220521923,False
E08,S12,-0.049695613663997315,0.6534888577585614,84,0.7675350220521923,False
T05,V07,0.048774799535422644,0.6575579568189547,85,0.7718021111203912,False
T08,S14,-0.048901319102810856,0.6586796435035205,84,0.7726063412864356,False
T01,E07,-0.047622760458920055,0.661372155565473,87,0.7752508048681372,False
T09,S15,0.047907437874247,0.6632756298790106,85,0.7769674817245855,False
E09,V03,0.047495529836823126,0.6659977236609343,85,0.7796401923808556,False
T02,V04,0.046844696150327575,0.668434014567124,86,0.7819750203462059,False
T01,V08,0.046979137517254174,0.6694164103036849,85,0.7824769759475754,False
T15,E01,-0.046647678398916516,0.6697472421246196,86,0.7824769759475754,False
E01,S14,0.0471292535338269,0.6703182956862064,84,0.7826275615861381,False
E06,V14,0.04667203723902599,0.6733340094684234,84,0.7852249895090712,False
T04,E02,-0.04577389470876315,0.6737580277710669,87,0.7852249895090712,False
S08,V13,0.04659027020482911,0.6738738751775588,84,0.7852249895090712,False
T07,E09,-0.04591338024197539,0.6746504404310667,86,0.7856126839230185,False
T08,T15,0.04498039935384657,0.6755396067793785,89,0.7861309033527284,False
T10,E01,-0.04499250747411716,0.6790191480095651,87,0.789660901430309,False
E04,S15,0.045172099948358614,0.6796140578549894,86,0.7898338032851815,False
T08,E09,-0.04530165736256537,0.6805680661368676,85,0.7904235413794328,False
E04,S05,-0.04459494884234287,0.6817018577023758,87,0.791221172546364,False
T05,S02,-0.04425479211700314,0.6840003651442257,87,0.7933687066220704,False
T12,E08,-0.044893706240015055,0.6851122660545993,84,0.7936507524148511,False
E03,V06,-0.0448894856932516,0.6851403105592613,84,0.7936507524148511,False
E04,V03,0.043976202146465145,0.6876505438839869,86,0.7938402947805051,False
S08,V04,-0.044236687913432556,0.687683776832397,85,0.7938402947805051,False
T02,E02,-0.043674120358672464,0.6879307237564016,87,0.7938402947805051,False
T08,S06,-0.04388655942160855,0.6882543588953797,86,0.7938402947805051,False
T09,E01,-0.043881687313356225,0.6882871820132688,86,0.7938402947805051,False
T12,E05,-0.04439675604186379,0.6884172974675392,84,0.7938402947805051,False
T01,V14,-0.04412323826205357,0.6884434194847883,85,0.7938402947805051,False
T15,E02,-0.04362135942528317,0.690041833329567,86,0.7951653938758683,False
T04,T07,0.042302562925225724,0.6905265919390908,91,0.7952062900014253,False
T11,E10,-0.04364839831105631,0.6916262218561522,85,0.7959547546719046,False
T04,V11,0.04353958890578644,0.6941317144616569,84,0.7981781501814772,False
T14,S01,0.043226287644143845,0.6944600854686298,85,0.7981781501814772,False
T02,T12,-0.04183865673607666,0.695398432605613,90,0.7987379790473297,False
S04,V01,0.042934872672431165,0.6964189685644828,85,0.7993914230603986,False
E02,E08,0.042740491220335984,0.6977267021821474,85,0.8003734691266371,False
E01,S01,-0.041983066950745385,0.7011214326385792,86,0.8032409098800277,False
E01,V09,0.04223464168578252,0.7011340145562953,85,0.8032409098800277,False
E04,V02,0.0420936275690719,0.7020849168972426,85,0.803646955601783,False
E01,V01,0.0420474331585568,0.7023965199525188,85,0.803646955601783,False
T02,E10,0.041396651120162685,0.703425305884629,87,0.8036701143323213,False
E13,V14,0.04240984545371277,0.7034378577514263,83,0.8036701143323213,False
T08,V13,0.04207354906148321,0.70394478149604,84,0.8036701143323213,False
E04,V04,-0.041524653583960854,0.7042329645928984,86,0.8036701143323213,False
E14,S08,0.041355039718019786,0.7053854741858279,86,0.8044666812557444,False
E09,S06,0.041178711467155515,0.70658431152227,86,0.8045627360944814,False
T14,S03,0.04114937849533361,0.7067838127869577,86,0.8045627360944814,False
T10,E06,-0.041142093327860334,0.7068333641959991,86,0.8045627360944814,False
T06,E09,-0.04087726822209767,0.7086354476522722,86,0.8060955927664021,False
T02,V06,0.04119168420884001,0.7098711386296528,84,0.8069826046078904,False
T01,E13,0.040685632853135006,0.711604371721995,85,0.8076472459801176,False
T05,V09,0.04067554509787234,0.7116727366486764,85,0.8076472459801176,False
E13,V15,0.041154591133276554,0.7118246913723071,83,0.8076472459801176,False
E13,S13,0.0401892978007155,0.7149707343975396,85,0.8103585235415335,False
E09,V04,-0.04016584289223562,0.7151299512835453,85,0.8103585235415335,False
E02,V12,-0.03974740589352003,0.7196142273580045,84,0.8149182229198132,False
T04,V09,-0.03913098583194951,0.7221668049978138,85,0.8172859621778328,False
E06,S05,-0.03843167087583357,0.7253518455298795,86,0.8203659850401832,False
T10,E08,-0.037959850595063425,0.7301582281520826,85,0.8251975007851773,False
T02,S11,-0.03745074786605778,0.7305562054973858,87,0.8251975007851773,False
E08,V05,0.038004746623384884,0.7314298568199501,84,0.8256574276602753,False
E01,S08,-0.037373663438290315,0.7326242098287129,86,0.8263742190977427,False
T14,S15,-0.03749741333156854,0.7333217350038352,85,0.8263742190977427,False
T14,V15,0.037705460796882175,0.7334654792104823,84,0.8263742190977427,False
T15,S01,-0.037307790621507644,0.7346202231456496,85,0.8271487245342237,False
T07,V09,0.03706489903054048,0.7362845713797841,85,0.8284956715462287,False
E02,E14,0.0362098092938486,0.7391593238060333,87,0.8312020350296564,False
T03,S03,-0.03586543419909175,0.7445212656549157,85,0.8365311052656238,False
T08,S01,0.035818592630747735,0.7448435151969622,85,0.8365311052656238,False
E06,V03,0.03565233345943842,0.7459876594275678,85,0.8366408606418091,False
E03,E09,0.03533344064117402,0.7467142272556712,86,0.8366408606418091,False
T02,E09,0.035308959890965996,0.7468838106857666,86,0.8366408606418091,False
E02,V06,-0.03567517960587868,0.7473225841742877,84,0.8366408606418091,False
T08,V07,0.03562687899755622,0.747653244467101,84,0.8366408606418091,False
T03,E05,0.03580590288148067,0.7479351498608535,83,0.8366408606418091,False
T05,E13,-0.035323821856720894,0.7482499900542281,85,0.8366408606418091,False
T04,S05,-0.03481384537454341,0.7488756152794998,87,0.8368117670736833,False
E01,V06,0.034785125306076393,0.7534230613299121,84,0.8413620306334033,False
T01,S01,-0.03407674449913763,0.7554350210802804,86,0.8430769150769838,False
T03,E03,-0.03417995580398337,0.7561438530326923,85,0.8433362444031917,False
S05,S10,0.033868548480097474,0.7597211523208144,84,0.84626730614344,False
T05,S01,0.033449066089602485,0.7598023361854939,86,0.84626730614344,False
T01,T15,-0.032467397147349523,0.7612899209512083,90,0.84626730614344,False
T05,S08,-0.03322805594872976,0.7613418996215926,86,0.84626730614344,False
T14,V04,0.03324230671083543,0.7626333353644628,85,0.84626730614344,False
T03,T04,0.03245502348083715,0.7627044367409452,89,0.84626730614344,False
T01,E01,0.032828767877829096,0.76275966279144,87,0.84626730614344,False
T01,V06,-0.033423519590019705,0.7627847655448752,84,0.84626730614344,False
E14,V13,-0.03310101932420215,0.7636126214756723,85,0.84626730614344,False
T01,E05,0.03301582569798662,0.7642032921161942,85,0.84626730614344,False
T02,E06,0.032807718768655965,0.7642725386473372,86,0.84626730614344,False
E05,S03,0.03297170033685633,0.7645092782617857,85,0.84626730614344,False
E04,E13,-0.03231806881995959,0.7690460729190024,85,0.85038976021551,False
T09,S03,0.03210285593291857,0.7691943537316562,86,0.85038976021551,False
T08,E07,-0.03196658592715537,0.770146941607803,86,0.8507757019747801,False
E02,E13,-0.032091329255125145,0.7706216750910116,85,0.8507757019747801,False
T04,E13,0.032039000347838464,0.7709854383997442,85,0.8507757019747801,False
T02,S04,0.03154692495874243,0.7717654564155448,87,0.8508863796086558,False
T06,T14,0.030962348073062165,0.7720471896336164,90,0.8508863796086558,False
T15,E03,-0.03146619286082578,0.7736478235530571,86,0.8521198803291294,False
T03,S01,0.031708469544192944,0.7746250606571324,84,0.852665645126321,False
E05,V03,0.03154512523879409,0.7757554863544073,84,0.8533792485067128,False
T14,E09,0.031238188110409206,0.7765583931052201,85,0.8537318980100868,False
T08,V06,-0.031529523092685606,0.7772062141256564,83,0.8539137175682259,False
T02,T03,0.030232231688836084,0.7785242568366127,89,0.8548312249384643,False
T08,V04,0.030683905678161025,0.7804223576111651,85,0.8552988960469375,False
E02,V15,0.0306088914457961,0.7809457017591184,85,0.8552988960469375,False
T13,E15,0.030591866012246994,0.7810644949401877,85,0.8552988960469375,False
T13,E02,0.03058236320309481,0.7811308019782273,85,0.8552988960469375,False
E01,S10,-0.030735365763533223,0.7813662796089819,84,0.8552988960469375,False
T09,T15,-0.02933341620980742,0.784947313383903,89,0.858687728485481,False
T04,E11,0.029460018132160374,0.7864916836797806,87,0.8596562641670229,False
T04,E05,0.029770122724818826,0.7868040383901566,85,0.8596562641670229,False
T08,S04,0.02886739282814593,0.7919010323180682,86,0.864691441827872,False
T14,E12,-0.02876826111212472,0.7925995964767352,86,0.8649206447372512,False
T02,V13,-0.028825540098028343,0.7934156234727178,85,0.8652776670035185,False
T02,V15,-0.02846742326129803,0.7959260980087045,85,0.8671697311882193,False
E05,S15,-0.02861215092994647,0.7961304029270375,84,0.8671697311882193,False
E13,S12,0.028375968195868635,0.797777279102943,84,0.8684291414589232,False
T09,T14,0.027378727876579478,0.798965012348013,89,0.8687631363165509,False
T15,S08,0.02801996985286159,0.7990657547589518,85,0.8687631363165509,False
T01,V07,-0.027704153028576685,0.801283678753268,85,0.8703397192963176,False
T05,V03,0.02750732428304119,0.8014992895214677,86,0.8703397192963176,False
T04,V10,0.027380322003892354,0.8035595188902017,85,0.8720419058465095,False
E06,V01,0.027446411823830466,0.8042674931263233,84,0.8721035799920465,False
E09,V01,-0.027397109475496912,0.804612099162101,84,0.8721035799920465,False
T08,V12,-0.027497248679147074,0.8050944913598892,83,0.8721035799920465,False
E13,S03,-0.02696621675703795,0.8064721755623656,85,0.8730616212510013,False
T14,V03,0.026678209455240177,0.8084994653473626,85,0.8747213041961075,False
T06,T10,0.02553591985546965,0.810121832208318,91,0.8759411380627506,False
E02,S01,0.026092330428732657,0.8115164695481396,86,0.8769134011600777,False
E08,V11,0.02621716762582788,0.8140008294971521,83,0.8788457532073927,False
T01,V02,0.02585545582805628,0.8142977600339684,85,0.8788457532073927,False
T09,V13,0.025890345055712645,0.8151615244598763,84,0.8792418636770146,False
T02,E13,-0.025656582798508385,0.81570081593782,85,0.879287724853801,False
T02,V07,0.025380331437333894,0.8176507406835439,85,0.8808532020753942,False
T09,V06,-0.02543151777725381,0.819478882120761,83,0.8822856577577537,False
T01,T14,-0.024168508902801974,0.8211153997969174,90,0.8835101870155282,False
T15,S02,0.024028759776295306,0.8261791797822805,86,0.8884186805678229,False
E01,V02,0.024017962598503736,0.8272830356366645,85,0.8889803503863986,False
E05,V04,0.024050675160639554,0.8280863011626282,84,0.8889803503863986,False
T09,S04,-0.0237438733920098,0.8282082473373849,86,0.8889803503863986,False
T12,V11,0.024067046173323343,0.8290132797569835,83,0.8893051546484004,False
T04,V07,-0.02355709686979047,0.8305473328114649,85,0.889956909299753,False
T10,V14,0.02354593205817294,0.8306264486797695,85,0.889956909299753,False
T15,S03,0.023216743380230814,0.8319656254579095,86,0.8908524846101028,False
T01,S03,-0.02272990012017404,0.8344709436514532,87,0.8929949034238648,False
T04,V14,0.022846401260878963,0.8355867800837846,85,0.893362732817829,False
T08,V01,0.02295244201151079,0.835824116127867,84,0.893362732817829,False
T05,E01,0.02245288793511225,0.8364601054063561,87,0.8934881469980692,False
T13,V01,-0.022933773666014956,0.8369510439111858,83,0.8934881469980692,False
E01,V11,0.021642525742191845,0.8450737616367151,84,0.9016157673881771,False
E12,V13,0.021013518285066254,0.8486136496656567,85,0.9038589631496167,False
T07,S05,-0.020755579803403566,0.8486700746301853,87,0.9038589631496167,False
T06,T09,0.02039154737521142,0.8487082467540468,90,0.9038589631496167,False
T04,V12,0.020639418892949995,0.8521712199487929,84,0.9070012383098998,False
E01,V15,-0.020236816723704174,0.8541463923019319,85,0.9085571600807809,False
T14,S02,0.019639939909613824,0.857556552313951,86,0.9116366952526685,False
E05,S14,0.019487719008419203,0.8620413952779858,82,0.9158543035066237,False
T07,V03,0.018851837084290463,0.8632159799996794,86,0.916008678350771,False
E03,V12,0.019020428925718424,0.8636509335493533,84,0.916008678350771,False
T01,V10,-0.018803844286268103,0.8643723153510467,85,0.916008678350771,False
E01,V10,0.018760499566898323,0.8646819868784802,85,0.916008678350771,False
E04,S01,-0.018635004431523713,0.8647742946464059,86,0.916008678350771,False
E01,E08,0.018515017677164274,0.86643618862087,85,0.9172201279060644,False
T06,V01,0.018178845479586113,0.868839505584054,85,0.9192145396794833,False
S08,V06,-0.01781207988385936,0.873017034990066,83,0.9230825280360914,False
E13,S05,-0.017502647560106787,0.8736772719425521,85,0.9232291172169057,False
E04,S07,0.017043517928231777,0.8762272876355612,86,0.9253713001879137,False
T09,E02,0.016941598876645304,0.8769616329987584,86,0.9255945679235554,False
T08,S03,0.0167164137415223,0.8785845008888769,86,0.9261070788279131,False
T03,E09,-0.01691872980496519,0.8785952792493619,84,0.9261070788279131,False
S08,S13,0.01660807508994085,0.8793654566036461,86,0.9261070788279131,False
E06,S15,0.016648725453907328,0.8797931515117111,85,0.9261070788279131,False
T15,V07,0.016712603641811,0.880063337055678,84,0.9261070788279131,False
T02,T14,0.015938366856631053,0.8814743582294958,90,0.9270407689044609,False
T03,T08,-0.016039115942857465,0.8820914608410159,88,0.9271388869884787,False
T08,V14,0.016220230774051145,0.8835717107675288,84,0.9277264983018827,False
T10,V05,0.016007216310708228,0.8836988000773865,86,0.9277264983018827,False
T09,E03,-0.01574910228242955,0.8855613543769416,86,0.9291307630392334,False
E04,S08,0.015487126914414341,0.8874524072245189,86,0.9298933634330874,False
E08,E09,-0.015542326593326161,0.8884057329137375,84,0.9298933634330874,False
T06,T08,0.014947582384489634,0.888793685400095,90,0.9298933634330874,False
T06,S11,0.015162651535320038,0.8891418014847344,87,0.9298933634330874,False
E06,E11,-0.015202247317761044,0.8895095068163377,86,0.9298933634330874,False
T05,V05,-0.01513089081513388,0.8900248831011299,86,0.9298933634330874,False
E01,V04,0.015125331997221216,0.8900650338897752,86,0.9298933634330874,False
T04,S04,0.014976943744438871,0.8904911022706684,87,0.9298933634330874,False
T01,E11,-0.014818008640866276,0.8916461278047768,87,0.9303065014829698,False
E02,S05,0.014777860921092952,0.8919379282579659,87,0.9303065014829698,False
T05,S04,-0.013459407480523934,0.9015284318847057,87,0.939755785886884,False
T01,S02,-0.01322452844428544,0.9032384780168493,87,0.9405497347543558,False
T01,T10,-0.012906900654830408,0.9033528525889293,91,0.9405497347543558,False
T01,T03,-0.012956404026657117,0.9040810659194735,89,0.9407545483112686,False
T10,V11,0.013219647137342614,0.904998219210356,84,0.9411556098721093,False
T07,T15,0.012283270222809827,0.908520621444553,90,0.94404375210713,False
E10,S08,0.012529624808513431,0.9088421206726268,86,0.94404375210713,False
T08,E03,-0.01224092808933803,0.9109338107912335,86,0.9456614927275562,False
T09,V04,0.012022763361432464,0.9130382095988328,85,0.9472905222684256,False
T09,V12,-0.012069277683345793,0.9137635014604137,83,0.9474876377181795,False
E02,V10,-0.011621711838417302,0.9159283069152433,85,0.9489854297895821,False
E01,S05,-0.01143511626538458,0.9162802822092632,87,0.9489854297895821,False
E08,S13,-0.01147559676098492,0.9169815291245511,85,0.9491563196201493,False
E04,S10,-0.011192729035104447,0.919511474746497,84,0.950361750651249,False
T04,S07,-0.011028423058764326,0.9197252117645157,86,0.950361750651249,False
T12,V14,0.011158489178169312,0.9197568807150223,84,0.950361750651249,False
E04,S12,0.010688067066853782,0.9221947794630212,86,0.9517283245902748,False
E02,E06,-0.010673143029023374,0.9223030828861103,86,0.9517283245902748,False
T01,V04,0.010619477356993295,0.9226925451959952,86,0.9517283245902748,False
T11,E02,-0.010423711060188532,0.9245678117602812,85,0.9531071792753045,False
T06,S02,-0.010178875592704082,0.9254496130603153,87,0.9534608935487532,False
E05,S04,0.00987486150037135,0.9285288771512039,85,0.9560768543092676,False
T08,S02,-0.009449666303982042,0.9311864593491694,86,0.9582558331674592,False
E03,E08,-0.00930221869296486,0.9326635119391694,85,0.9592181383685822,False
T04,E08,0.008776070663041953,0.9364640176273538,85,0.9625675442511128,False
T15,V05,0.008317450694675342,0.9397779131294819,85,0.9654131783164149,False
T08,S11,-0.007905324861986418,0.9424114547327622,86,0.9672177136549309,False
E01,V13,-0.007871113569742877,0.9430040391347813,85,0.9672177136549309,False
T09,E12,0.007758316354836559,0.9434806017173757,86,0.9672177136549309,False
T06,E05,-0.007772031059040731,0.9437203341706586,85,0.9672177136549309,False
E13,V03,0.007736785042287412,0.9443151601961042,84,0.967267264784204,False
E13,V11,0.007585395895602614,0.9460760853036874,82,0.9681351562621531,False
E06,S02,0.007300259333192775,0.9468125401570205,86,0.9681351562621531,False
T13,E03,0.007328910308430494,0.9469243161023875,85,0.9681351562621531,False
T09,V09,-0.007314462069611542,0.9473503336983328,84,0.9681351562621531,False
E08,S04,-0.006707058223611505,0.9514220239339527,85,0.9717351311962471,False
T01,V01,-0.006495128196900677,0.9529552175649267,85,0.9727397549538179,False
T05,T13,-0.006185136773061564,0.9541260930935925,89,0.9733735935306391,False
T13,E01,0.005945896094525045,0.956929382467074,85,0.9756710869623969,False
T01,S10,0.005877920925057657,0.9576799023353352,84,0.9758741664556956,False
E09,E14,-0.0054207881235159355,0.9604928918672287,86,0.9771193606243779,False
T07,T13,0.005321194254705572,0.9605282234377034,89,0.9771193606243779,False
T15,S12,-0.005444543908644391,0.9605580155290494,85,0.9771193606243779,False
T06,S01,0.005146094866012517,0.9624933894026436,86,0.978525731902745,False
E05,S01,-0.005117312298268007,0.9631520563772193,84,0.9786332604980932,False
T01,T11,-0.004793952000357206,0.964436536935719,89,0.9793761734803342,False
T01,V11,0.004853178742996343,0.9650527612482002,84,0.97944001571635,False
T04,S11,0.004522686323002848,0.9668376108362456,87,0.9806891525387706,False
T02,V05,0.004457451761477489,0.967509534990322,86,0.980808635127646,False
T07,E10,-0.004201328180705573,0.9691927601025974,87,0.9819525960970792,False
T08,V03,-0.0038816736609804444,0.9718744054929503,85,0.9841062343950355,False
T14,S07,-0.0036304645383904415,0.973693931176893,85,0.9853849389268728,False
T14,E02,0.003495270327533552,0.9745202328466208,86,0.9856576069362964,False
T01,T04,-0.0031221036007848726,0.9765684459756759,91,0.9871651338531962,False
S08,V01,-0.0029786122028321277,0.9785471229505548,84,0.9875287197135533,False
E06,V04,0.002956690359159869,0.9785747638883141,85,0.9875287197135533,False
T14,E08,0.0029710040298855634,0.978601906428007,84,0.9875287197135533,False
T02,S05,-0.00280833825182149,0.9794044092793907,87,0.9877753871364795,False
T10,E13,0.0027589587227086574,0.9800072930600022,85,0.98782056305023,False
T10,V01,0.0026102702316848922,0.9810845556501238,85,0.9882399301605621,False
E08,S05,0.002547409449794045,0.98153999843066,85,0.9882399301605621,False
T05,E02,0.0023207110911264506,0.9829799457529423,87,0.9891270630942057,False
T14,E11,0.002046647616345205,0.9850787432048937,86,0.990675781518558,False
T15,E06,0.0016445719101376819,0.9880818722964799,85,0.9931316944717601,False
T03,T05,0.0014388453477071233,0.9893229046217162,89,0.993814722576866,False
T14,E15,-0.0013051353227913698,0.990484477825624,86,0.9944172012202805,False
T04,S06,0.001088245138405942,0.9920183654712451,87,0.9953925775986983,False
T09,E10,-0.0009881805966736146,0.9927952698660825,86,0.9956077210555048,False
T04,T13,0.0007233567265144539,0.9946321416402821,89,0.996884989073216,False
E03,S02,0.000535525393876493,0.9960721891682954,87,0.9975964745249971,False
T01,T06,-0.0004703851297429703,0.9964692468701666,91,0.9975964745249971,False
T07,E13,-0.0003038889712421892,0.997797654654291,85,0.9980730256266119,False
E05,V11,-0.0002708622197324641,0.9980730256266119,82,0.9980730256266119,False
