respondent,11,12,13,14,16,17,18,19,20,21,22,24,26,29,31,32,35,36,37,38,40,41,42,43,45,46,48,49,50,52,53,54,55,56,57,58,59,61,62,63,64,65,66,67,69,70,72,74,79,80,81,82,83,84,85,86,89,90,91,92,93,94,95,97,99,101,102,103,104,105,106,108,109,110,111,113,114,115,116,117,118,119,120,121,123,125,126
11,0.9999999999999997,0.18756396080430104,0.014128213552786425,0.11102635957512368,-0.11585501872111734,-0.21874015536194918,-0.12670252088348263,-0.003573265903657889,-0.17739244995479808,-0.012905472045314385,0.007939673858853101,0.348875097088381,-0.14265335783373734,-0.12292297997271909,0.10497261306099114,0.04418938830817083,-0.057959335587318216,0.14233718438596188,-0.06860950744084031,0.21122636187924612,-0.18471474577081415,-0.0629433982461491,0.057520000848240174,-0.2595455593115108,0.06029094959384121,0.12212884982910775,-0.15874077750018808,-0.043620103067512225,0.04457981398528022,0.17230826318965162,-0.14994299643613312,-0.12100646279192423,-0.04519642829638652,0.030416878804386576,-0.15100398699118306,-0.03971513678223109,0.015222493468218943,-0.07526691974752693,-0.20210560858130558,0.13403968916392278,-0.061542226635637014,0.11184522310795719,-0.11077465103164186,0.06317909563946884,0.028135666574285897,0.2379291919739331,0.14559874847995147,0.08763501009738012,-0.13336267016723374,-0.14884594711109145,-0.13480567133882826,-0.1630812892395548,-0.1797512828792839,-0.27380610152945056,0.04694769686679119,0.029053331596571298,-0.15902886721506415,0.0922552299352765,0.16187269063573734,0.11314801783966201,-0.11566060470466602,0.10597155973475232,-0.15905055050201367,-0.1158297534066771,0.0054290927970826195,0.22286283706778032,-0.17966769412884906,0.08058624955508686,0.025173182995700545,0.12147705311480099,0.11118030786939391,-0.0797013480815892,-0.09976044991513734,-0.08906667125319291,0.05746886345091624,0.31920888792243074,-0.10369455128914952,0.20540149197149268,-0.03315131169308929,0.0028842348075677165,-0.2960113585226025,-0.010009625962641376,-0.2062881054678019,0.3432904881137212,0.026814505538951844,0.12080900238556005,0.21859781874749395
12,0.18756396080430104,1.0000000000000004,0.042803945934633804,-0.07687572910855797,-0.05837387843524125,-0.19109027618353344,-0.11347546580426804,0.3210725157168059,-0.08015310902261262,0.021356394340452993,0.00884623589883546,-0.01672434614826489,-0.010257875022647108,-0.2990044093066107,0.09238066598239464,-0.26638578313480593,-0.11554076811129659,-0.0682309995150373,-0.13513933870075834,0.23659339338694685,0.09632753157023374,-0.3654597558766915,0.26982217904876166,-0.13221902619167897,0.07028970115662342,-0.07530060487467695,-0.03883215394138465,-0.19636194135549853,-0.1535997273067362,-0.11803323208174277,-0.21856996718157481,-0.0696639975383033,-0.04333303843634233,0.07256984563334377,-0.12345452630422346,-0.10466379716322395,0.17539718994674613,-0.17445976037739472,-0.3535453261351084,0.04249085411702654,0.21594331628515684,0.2508859822520667,-0.08916708205530276,0.2917223926643543,0.1190782728598152,0.14024877494557758,0.3032691930764221,0.0377083032753486,0.039352279745358584,-0.07841494365308828,-0.09324095248969842,-0.2673713593928795,-0.23181983636078216,-0.1294298785640768,-0.0752110963125879,0.03785810464997039,-0.110943981330425,-0.015020186585611524,0.22095013151860665,0.3318866019142204,-0.39381463064814143,0.029682546407591,-0.1625722526413112,-0.07025792491933178,-0.10978302421081415,-0.00020327847915981007,0.005019066354036186,0.11147217945316373,0.03908101210094813,0.08408783235100999,0.23569177414376585,0.20729925094921667,0.08704319240208583,0.05907415742990955,-0.17916726869752805,0.15562136130476237,-0.19308607652453838,0.10928780357366226,0.12026224060229797,-0.19319027577568268,0.11216927979489458,0.05812403868837145,0.10558581482402724,0.20323646726056432,0.342405670987574,-0.21821726280468584,0.015667777345013484
13,0.014128213552786425,0.042803945934633804,0.9999999999999998,-0.08920840852137925,-0.18603056827521144,-0.1816222795523954,-0.04134879511622949,0.25044537468991773,0.06901171253736672,0.02731599344183377,-0.14940399530822357,0.11018338188820226,0.1451203129174132,0.25432088515142015,-0.25027304669557265,-0.10220364762296616,0.0470939921638454,-0.19501500195743432,0.010261052317741676,0.4371796931518405,-0.1537170075468585,-0.10297098597307819,-0.06680715280715982,0.07196843530812239,-0.15676570320981897,0.027852937930385166,-0.08483950914519281,0.07904958608106753,-0.16165380975862914,-0.0983879365041182,-0.20233142117356012,-0.13582838951212353,-0.04391751455381991,0.1777412928991256,-0.16344350775314298,-0.07257568278972255,0.19268630887425778,0.16306712480787922,-0.33354968349829034,-0.3139746916004251,0.07514167050995615,-0.20638781346886376,0.1841934012583079,0.1297070383957569,-0.24736985672213185,-0.030501026610449143,0.05379865971508305,0.16701029226334538,-0.007377367292566897,-0.14156926545449067,0.21575941377758812,-0.2900715233614134,0.008127377958629525,-0.05416165476867796,0.005990574121874068,0.035660432164160184,0.2564737147866312,-0.0641701484479243,-0.11826618845719995,0.09935066269061427,-0.18059380402903558,0.35674453171556003,-0.26963283685883244,0.2005712823865899,-0.18310289518702327,-0.2825740518899283,-0.15192472680010963,-0.07918006770990224,0.2783290537516087,0.23486055556744373,0.009685122768320056,0.001542155431121147,0.016243191554115466,0.3741401418512363,-0.045110301677820645,0.26799415311853375,0.1904514807598558,0.0226629466268758,0.13634589172553382,-0.1849213956504944,-0.23014567635970057,-0.16559669752872963,0.061047340020348416,0.17189485164932955,-0.12401068169100357,0.059396974763598204,-0.023875383217053785
14,0.11102635957512368,-0.07687572910855797,-0.08920840852137925,1.0,0.04120966397597606,0.3885197491700444,0.07228765505164869,-0.03721085415351225,-0.3255796253639557,-0.10108517835981312,0.17264880361712295,-0.12443494036540455,-0.23134061708380338,-0.13080579496218972,0.07564440175926757,0.05134719333973649,-0.14616696859176273,-0.003665991609322664,0.26314050732772004,-0.09863020581152235,0.3492194589848782,-0.1616213516565997,0.0656705625079526,-0.006947960639974381,0.007629942533395877,-0.002379831325230741,0.13769906033727108,-0.058978850014443016,0.05040147424582971,-0.022584206912721578,0.005744396345843743,-0.04646762387025993,0.05467648428340248,-0.22961168927232734,0.13861293075119213,-0.07127333787732104,-0.29035807107686695,-0.08579913240121473,-0.2008524882365404,-0.08085001548754325,-0.07129299305459139,0.25523889826758983,-0.06289853426097289,-0.16215248647942979,-0.1280006999284986,-0.042468777017581116,-0.0533337381601147,0.04322098598894314,-0.02213688508514384,-0.40885739220835204,-0.21644538895345536,0.355122047625161,-0.10137795181207196,-0.083034331730986,0.15855071659656078,-0.017737151293239554,-0.05824921978872822,0.07694954507893181,0.2605314598426463,0.06334879840997758,0.18492851943885216,-0.0760268544920438,0.07170794377268784,-0.15673218990751467,0.47783827487442065,0.0014933671682321836,-0.054040498117464704,0.20515595754634142,-0.13749512584886808,-0.22856784272860617,-0.18426983316419113,0.13842508964147499,-0.09981959687759773,-0.05279910050196053,0.1826656906416355,-0.12195594398814358,-0.14368944050244048,0.09027482259878411,-0.1590753787139845,-0.005700713530399031,-0.20618749101420983,0.12444122455816461,-0.006888178031789233,-0.1974352450541214,0.15041380048886172,0.16530202775875036,-0.1498542119621254
16,-0.11585501872111734,-0.05837387843524125,-0.18603056827521144,0.04120966397597606,1.0000000000000002,-0.1239991307565568,0.004007513427392163,-0.17107210062285705,0.011293650939880646,0.16608175692235713,0.18460258139436286,-0.05224229030669741,0.16623383523910146,-0.18167816332973163,-0.1851593929764852,0.17294634912362888,-0.014237589840892202,-0.17868903785193482,0.1398552174430767,-0.06568276418275569,-0.1169429496127501,0.017143914764756636,-0.29734945796161133,0.023428595035752016,-0.01505382444438988,0.20276017985764513,-0.17689375022881446,0.03610771225599005,0.3134767102880755,0.08324648584047219,0.12695000526846564,-0.007162582648884894,-0.06657589442587163,-0.10859682939503343,0.27160923795536795,-0.06216359690836232,-0.267406757597223,0.1748412968709524,-0.028804962009043127,-0.05523262274588123,0.16743937173763895,0.02420642099484966,0.17730502329809433,-0.04354932693509249,0.0875929779922889,-0.09339048716259717,-0.05473507583697526,0.03719714471528939,-0.24880520809284745,0.02335661891078329,0.15796396561354104,-0.08679484748087003,0.019714086416962578,0.03795217605598431,-0.09560112912382007,0.15460801802418972,-0.0775781581572109,0.14977296608652418,0.11287167956825625,-0.14471446764423068,0.3075780377763779,-0.13755607261684277,0.35074406353975934,0.09936919224715489,0.1803148837307972,-0.03136974857263341,0.008555426806145065,0.10652748916375541,-0.1771244009606323,-0.09047694804120561,0.09864018432142867,-0.28992144262403413,-0.05047701007223252,0.24846962679810405,-0.034473082783548145,-0.07661504582960108,-0.024833254596507932,-0.06484827075872032,0.09020144437858328,-0.1139918408880036,0.010034323556084641,0.06585044709940424,-0.11051242569142511,-0.09204565115096441,0.00011790103362810389,-0.18781662113663933,-0.2843449160196038
17,-0.21874015536194918,-0.19109027618353344,-0.1816222795523954,0.3885197491700444,-0.1239991307565568,0.9999999999999999,-0.03757451603606212,-0.10572743624304795,-0.1463514448184103,-0.20146607378219336,-0.19568630095376602,-0.18736277532087636,-0.07833928818060917,-0.05659781799283074,0.039321137628162466,0.15321387276466303,0.10124326308999562,0.2116872248767135,0.14964163133158911,-0.21409050675037228,0.21141002176544665,0.16221826646865115,0.15876285736197462,0.25232597695625747,0.02398012200269533,-0.04619463147725284,0.07970240973841612,-0.12618849803818336,0.00566451793225459,-0.031292163527745706,0.07499809000727732,0.17186612251612168,-0.06440613676062963,-0.06154142128935065,0.07715465380391177,0.26784835539292856,-0.13924867830539753,-0.21916903061357967,0.2027026904179708,0.034941939463732,-0.14568688581699413,0.004659273732486974,0.006312658253065685,-0.20741643388320358,0.00012325422306849173,-0.2590345454905752,-0.295609764506062,0.002909226028819967,0.27883219757939115,-0.0924443327652845,-0.14289638920675532,0.38715848257812635,-0.11481621882546283,-0.025566041635962954,-0.05518978093169777,-0.23607870684056168,-0.09844295402031729,-0.24576555515744483,0.060150068268132184,-0.03084470147646744,0.06798187532315379,-0.36374883001242925,0.008195331897518946,0.04258644710212237,0.14387563840866122,0.02074686423515761,0.16880157993008946,0.25028876907918235,-0.07191666802043543,-0.2163054850877739,-0.3442171920527866,-0.07040161184900116,0.06494008009357029,-0.33263712176925614,0.15887539242847343,-0.07730008837870421,0.048181694233001095,-0.18645655729257823,-0.21416423000588827,-0.03100737168212517,0.05616953455862938,0.16928117880650137,-0.06466292460246358,-0.0942529121661485,0.002315505268304624,0.13071902229921578,0.06857054319245189
18,-0.12670252088348263,-0.11347546580426804,-0.04134879511622949,0.07228765505164869,0.004007513427392163,-0.03757451603606212,0.9999999999999997,-0.331701525084002,-0.012524207046905083,0.38010550724496894,-0.03329919593138828,-0.17577062391685253,0.05306088108343493,0.05266266788505338,0.07086684431073495,-0.20137290998731222,-0.351782641839336,-0.1603109418969657,-0.18943056917096954,-0.20803783320665353,0.2654262098302089,-0.2382598869005235,-0.09935999647387823,0.1791025851194206,0.23054757666053202,0.1881508258503392,0.039631941897670685,0.3296969639209828,-0.04448879049408561,-0.20689685491616797,0.10018380578152236,-0.16163136098331968,-0.15356493579397082,-0.2327193883572874,0.30005948111882647,-0.3404380014214117,0.06445152257844045,0.20647212236678686,0.1816964511822605,0.06802359980131928,-0.2416050243013184,-0.141882278396614,0.1936388592932095,-0.06258735237155051,0.19702971525469518,0.002858914440694229,-0.07984631593625673,0.05489053571924914,0.28725961623143537,0.06730345730879321,0.17228479754005935,0.2256616626104816,-0.15675753784313723,0.06337001886569579,-0.1635581468270036,0.08375675910780768,0.0008803649310924406,-0.09232608608319731,-0.023825505744963303,0.057059301056107965,0.0912642541551886,-0.20915107158765803,-0.10523137679606212,-0.007770750650069169,0.11604447055350228,-0.02083946433958513,0.2597935482118032,0.0940145642230787,-0.07388931098238996,0.10556910846006261,0.09764061473200913,0.13410810135839735,0.03492844613073787,0.14417397550989372,0.005094296259959489,-0.3435528962952763,-0.2507466645832103,0.03546995228482012,-0.17090169790264967,0.15144549621992837,-0.06817305964638933,-0.25997769190137354,0.030227972887228782,-0.2586208218553804,0.16967438191394352,0.004056560096499545,-0.28506807938964857
19,-0.003573265903657889,0.3210725157168059,0.25044537468991773,-0.03721085415351225,-0.17107210062285705,-0.10572743624304795,-0.331701525084002,1.0000000000000004,-0.0819921736517439,-0.19887906945652903,-0.03609906328084962,0.0719135253676719,-0.10569195842625195,0.04761407855060011,-0.10458543590240174,-0.010618340265502305,0.18460041765646332,0.03873794900383422,0.250215534448592,0.19718882619386638,-0.04471937019174121,-0.10638467313983353,0.22198757060225238,0.06871885187095879,-0.005414605285268242,-0.18001720739412677,0.10424993038070218,-0.09244071884186109,-0.11700032319224157,-0.009809001749186962,-0.09792768535979264,-0.014946123065845042,0.17190277680395155,0.1491211509715698,-0.1434682395001704,0.11300725755703497,0.1260532035221423,-0.04165236334226994,-0.22672175824143118,-0.17195276050315644,0.09624219534994749,0.12349898645287519,-0.10893950033977319,0.17622039390916702,0.04427582266188289,-0.06869380745564904,0.12797460697264867,-0.11087719403609979,-0.18014450746548527,-0.20351597108018127,-0.18009209075101112,-0.24003031812641307,-0.015245786427083501,0.27168239759138463,0.29875027933150333,-0.08584777202197445,0.25183880633147276,0.06317862648900655,-0.15875152262564848,0.2631793919060642,-0.4271823749879078,0.11940787547819437,-0.14893644537575365,-0.08041284347181236,-0.1753678829897722,-0.26044151091715423,-0.3986520695769568,-0.0583068896026916,0.16247744628587077,0.07094607317995,-0.06814049155238806,0.1250160999720308,-0.23086875324500608,-0.051401129822024355,-0.32783529970523007,0.2504769012976463,0.07893324433634884,0.06324041289190747,-0.108214681383524,0.021548418916713323,0.03077584144893394,-0.23255588012608036,-0.011500674003894512,0.3603132634338415,-0.04380098041653538,-0.20801478926731845,-0.004742164287067981
20,-0.17739244995479808,-0.08015310902261262,0.06901171253736672,-0.3255796253639557,0.011293650939880646,-0.1463514448184103,-0.012524207046905083,-0.0819921736517439,1.0,0.07318800351712343,-0.0078002135116482935,0.10163745472985888,0.0759596519541531,-0.04257240969547092,0.13410292354974987,-0.2898370765536294,0.11521735169142872,0.06801194462872606,0.06166841205986443,-0.07997681349621488,0.07036591249446007,0.15224558031775326,-0.013116107426851592,-0.1287767688757966,-0.05142659991921679,0.07446122334806175,-0.037588138660155375,-0.10320966945448234,0.11619168450925546,-0.20317626714320794,-0.15049217514132737,-0.0559685250622494,-0.061250486007655564,-0.14013247905039858,-0.15348577871099184,-0.07462191791722553,0.023346874153562607,0.1237109339669542,-0.0227554404241932,0.0036829253194967096,0.03434137172094353,0.005637866524317429,-0.09752451200256529,0.22154575634508145,-0.09880065922946683,-0.30718676087698155,0.17065649283335368,-0.1043302104225692,-0.0823802601247756,0.14573897352146917,0.22702638265667477,0.20745492341489402,0.006234828534927154,0.13595699993823407,-0.10855820717693432,0.1749922883662516,-0.006549685056544088,0.08850924084313362,0.09229730710205104,-0.08121957935062331,-0.11850268708689096,0.29282101587691445,0.23159525639845446,-0.0006762764691514609,-0.18363720499467132,0.0424988211030618,-0.10007239652714857,-0.25752376720333214,0.12027821635727537,0.08241139962808562,0.04819022532860687,0.14047339985638924,-0.04067701432783988,0.2852182504177055,0.01657072325649447,-0.2621038891757439,0.0447890396315376,-0.11851341120733713,-0.058068991225328735,-0.21423176491708418,-0.12857198049951407,0.08058802203912464,-0.0043118108192689575,-0.06389743681529816,-0.13493140770709164,-0.0392019577026276,0.09055013163004569
21,-0.012905472045314385,0.021356394340452993,0.02731599344183377,-0.10108517835981312,0.16608175692235713,-0.20146607378219336,0.38010550724496894,-0.19887906945652903,0.07318800351712343,0.9999999999999998,0.24874720180884627,-0.08593138583497531,-0.18018583210354705,-0.0972488525822338,0.02827383121416754,-0.037755649559921764,-0.22833868693756304,-0.18295469737776288,-0.07845054533711251,0.17203599372776218,-0.023423135826864352,-0.32029524723466746,-0.24480066777610265,-0.03795943739180971,0.1966591538991599,0.3061746197429252,-0.07611530711766049,0.2253038543271619,-0.29024231488825775,-0.32194784092100476,0.12323770269183931,-0.09448789273971572,-0.15015183484843506,-0.17809013107669308,0.39667565782971387,-0.2205192642453461,-0.07560964824740628,0.10231190348920281,0.0042803386631367025,-0.06302767690035173,0.0010655055971462027,-0.2964173331423684,0.08831471629478722,0.2618784940676116,0.25381632377857194,0.2298126164669443,0.04661408934648697,0.06594212865928346,-0.026885713659665675,0.19672891886168142,0.362051775809776,-0.0006187396493823123,-0.2257545055087191,0.030416627720805018,-0.04939416485533027,0.17491624962159258,-0.11882892296277284,0.1234835750159438,0.09141651445682021,0.14463588070374866,-0.10353948822890119,-0.03807871137272308,-0.005824747054206871,-0.12829513229653208,0.1319075415336239,-0.0632122720570726,-0.07960596568119592,0.12215537156846562,0.012487823597556293,0.1814732958708443,0.19697472677771138,0.08447420293346243,0.164799352491817,0.3187656787818636,-0.16500315662968895,-0.12756125074736502,-0.030167134019128617,-0.08244003947762274,0.015184056484154494,-0.2146568561204577,-0.10050522114439507,-0.17401548910808784,-0.1934506343928377,-0.10976436504943271,0.13143318864703163,0.0017544235124227828,-0.02931303575812659
22,0.007939673858853101,0.00884623589883546,-0.14940399530822357,0.17264880361712295,0.18460258139436286,-0.19568630095376602,-0.03329919593138828,-0.03609906328084962,-0.0078002135116482935,0.24874720180884627,0.9999999999999997,-0.05792091672630177,-0.20302802860092395,-0.1959562709260025,0.10595923977625393,0.10326258569578421,-0.05264474739517316,-0.20155887547755083,-0.014828418901194598,-0.058957896821275516,-0.05378630823681845,-0.11988966027208894,-0.07375079863413156,-0.17593828590941443,0.1551555867622178,0.0962657589542084,0.042198096957313906,-0.1238283782509045,0.04128274331190862,-0.04889782252087075,0.10089976403247043,-0.2077711192833281,-0.03693369819194501,-0.09492948385951606,0.04926869206401878,-0.019627479098330215,-0.24175726714957146,-0.08909413297124899,-0.20818838079098045,0.10500994973289024,-0.0639062447052022,0.1850898034267214,-0.27632218958754384,-0.1461455704004021,0.10224293461877929,0.028913763501016085,0.09551178781300546,-0.02538367577724074,-0.10339248671677728,0.07581751806221049,0.0855293830993436,-0.030960235301281412,-0.15725968913481309,0.17955020933749036,-0.05765875176187797,0.16024256200672096,0.13182214900625022,0.36970991206893666,0.11001980145295104,0.06554618775752205,-0.17193637348213317,0.20033629376012058,0.2388496378790286,-0.19151766200270615,0.17295370535468949,0.26823876416089387,-0.11266496955166189,0.004113056388865646,-0.06859639925142678,0.003569877119613896,-0.014103358267903862,0.061582915105029515,0.09976757941500666,0.11670154361059072,0.04606742421165001,-0.009214030463938564,-0.17146727912024606,0.0755934730724638,0.05772388757853177,-0.21709412033124834,-0.0008899167757241526,0.008380905702354217,-0.14708865712834818,-0.14750054506527896,0.16310077099527173,-0.23982190550735655,0.014909879217556307
24,0.348875097088381,-0.01672434614826489,0.11018338188820226,-0.12443494036540455,-0.05224229030669741,-0.18736277532087636,-0.17577062391685253,0.0719135253676719,0.10163745472985888,-0.08593138583497531,-0.05792091672630177,0.9999999999999993,0.05428770609882747,-0.15160558574083963,-0.154250964316937,-0.11020023790786751,0.05721130907109068,0.15546788573473463,-0.1210395142840405,0.1895887891311201,-0.15303897183990234,-0.0619767902968197,-0.07744812282620389,-0.283607566769971,-0.31146559499316384,-0.11464318717898057,-0.21527450569301312,-0.04826835804935087,-0.12507807527511305,-0.13535653056794206,-0.22532177700986053,0.13401194697776903,0.06350230405302641,0.10552235282148742,-0.2153750228338526,0.05479678449383693,0.06829721880155876,-0.035611268427078416,-0.010747929391477382,-0.06950181198611292,-0.19747094144880548,-0.06686283239972302,-0.11544327070780316,0.23017021446955774,-0.042886899515927675,0.14974336672455651,-0.0439050432286708,-0.14213459463248895,-0.014794223328248427,0.23751046583668067,0.19256269313926241,-0.039257781761090405,-0.10445110440972863,-0.033880541034804236,0.23498367735277043,0.15785072987604676,-0.13474284850059554,-0.12569162872373632,-0.13442737676012925,0.06214981978131563,0.06103375077539194,0.10926595277148698,-0.031228473944291103,0.17689886988620165,-0.10985248573297866,-0.05780461451005758,0.056311602303274325,-0.19505991284922833,0.1619153052850777,0.0168826886223688,0.13665169900912905,-0.17576191484440887,-0.20695552457347818,-0.15316253249895725,-0.029434967624783853,0.05276960239327518,-0.08140228359740835,0.03052766861682763,0.036454258905327844,0.017401733730057697,-0.12981297763917457,-0.12553643072694173,-0.07702541747560476,0.5022154326486621,-0.038888594478185615,0.13099424207096094,0.29347828604251214
26,-0.14265335783373734,-0.010257875022647108,0.1451203129174132,-0.23134061708380338,0.16623383523910146,-0.07833928818060917,0.05306088108343493,-0.10569195842625195,0.0759596519541531,-0.18018583210354705,-0.20302802860092395,0.05428770609882747,0.9999999999999998,0.07061646413913736,-0.039590758860606375,-0.04013756688080372,-0.05330360037866854,-0.18353287466440524,0.009678711510582529,-0.022853315910302652,-0.24412930248266404,0.07375030544738163,-0.2500794717629055,-0.014279827810454955,-0.09013865988486762,0.02325989439776458,-0.2370674260574992,-0.09577926472779144,0.13254404632543082,0.06288811748634633,-0.026475910703729254,-0.3081959920727158,0.11282927183013577,0.15597225056874628,-0.2390569735221476,0.198301176160439,0.12482006955161427,0.07317631515612902,-0.1138696975295846,-0.08306620078201209,-0.07469269679273279,-0.09288418868593816,0.23907849268685058,-0.044001671351485416,-0.1339471122505731,0.03661293413324095,0.0005221424306082822,0.02820848741847322,0.08283633711117407,0.054169139289008704,-0.20616221194843928,-0.06699555683984303,0.03594328849048141,0.05486022923744711,-0.02569957197339598,-0.12124743138573077,0.06961104072198818,-0.10680084761349147,-0.12289255219985439,-0.19103654193656117,0.1124431852844219,-0.041483521062455876,-0.058063033531881705,0.17609599153510144,-0.061070985599660794,-0.20783538810171712,0.2332055021257957,0.06777992935213249,-0.0728725262571769,-0.08992763474001114,-0.05862635538063663,-0.19536627064651846,0.013834431330187339,-0.01938005033296721,0.009944739146038203,0.09173375452464379,-0.17482414027940713,0.1463547036694572,0.429042208933402,0.17180624309503337,0.16674301970072794,-0.1828324283744314,0.014086023535188466,0.11094447586135843,-0.14452877267050207,0.052279148742075565,0.0944371351942985
29,-0.12292297997271909,-0.2990044093066107,0.25432088515142015,-0.13080579496218972,-0.18167816332973163,-0.05659781799283074,0.05266266788505338,0.04761407855060011,-0.04257240969547092,-0.0972488525822338,-0.1959562709260025,-0.15160558574083963,0.07061646413913736,1.0000000000000004,-0.15890609894355526,-0.1077625076294378,0.03792767581412568,-0.18774079283347755,-0.039900991563640985,0.07668392396319242,-0.10988183606144854,0.17028912957732945,-0.07088841722474641,0.23951228841814767,-0.12812114374239292,-0.047240450685317584,0.06741871344005747,0.20833191131847023,-0.1685717140725979,0.1844807943619551,0.02194412817221471,-0.08138843180196711,0.260518564535413,0.24419313373927973,0.19776129616088156,0.021395193305349686,0.02678068217001765,0.2815463157360572,0.3082112391202021,-0.18599749106439972,-0.1699781987642821,-0.1001814487549913,0.25192827566098697,-0.24603766294267643,-0.18020484502668974,-0.22666352538998272,-0.003988013907245321,0.08010150812166368,0.2623167863620648,-0.08227816645145578,-0.07068918210367767,-0.1444316591865773,-0.1083455889372129,0.1903990984163478,0.2021467679718896,-0.2269245251560064,0.2022302232820021,-0.3227394871420314,-0.20683691819865357,0.08160202972830997,0.1403872780899862,0.04744631535945226,-0.3032757164736586,-0.04135776820733537,-0.2585500366832737,-0.21711021860604054,0.21543095006120114,-0.10986129333678038,-0.035971083250682864,0.15076003882766406,-0.2155621644617735,0.130874392842964,-0.14163147242140048,0.20560742162929802,0.06498914116470969,-0.07313131374581316,-0.11189422690948692,-0.16822318704327519,-0.08951647310828624,0.1625227098723084,0.024913715252611997,0.0005334660030001381,0.05198389050244333,-0.1976537315424096,-0.24302386987035085,0.006180294085731508,0.013190178006113745
31,0.10497261306099114,0.09238066598239464,-0.25027304669557265,0.07564440175926757,-0.1851593929764852,0.039321137628162466,0.07086684431073495,-0.10458543590240174,0.13410292354974987,0.02827383121416754,0.10595923977625393,-0.154250964316937,-0.039590758860606375,-0.15890609894355526,0.9999999999999999,-0.03642701750613556,-0.19447819453932086,-0.18605400945992592,0.06361494906706382,-0.04781115607114769,-0.035463796433303565,-0.022443723177245026,0.04655573479905899,-0.27732496030064807,0.22506662875497435,0.16257072344172618,0.11914496810820206,0.01701815671711336,0.15570980306382867,0.09874851899856436,-0.011082433329201282,-0.09951739677580648,-0.2191767624572474,-0.18002214960491142,-0.0618457332344715,0.10757422784528803,0.06338674379149652,-0.18180788347785876,-0.08315155624828333,0.1547634799901707,0.007296037196341808,0.23586352774775415,0.09324887520368384,0.1575898806543537,0.034171318366219686,0.05707736522610704,0.15461145522845754,-0.07074724229653077,-0.12251470869981655,-0.3224681799083934,-0.34037339583279885,0.08043920982647959,-0.027474762722328187,-0.09295898508765214,-0.18815134146476645,0.09100901958371416,0.05405412899987965,0.3313118679012928,0.19889569832272644,-0.30282583583373684,-0.1079288140875705,0.16275986569086776,0.08996700739942766,-0.2799804099708516,0.051233240578602623,0.2604374352812621,-0.1820810122692093,0.1539995153053357,-0.06083026175007659,0.1552799590524096,-0.03780976290292162,-0.04478157603580311,0.061352652573678446,0.014326585020919443,-0.2806717151122456,-0.01984700187847483,-0.07459156301310703,0.11768652114925325,0.02861025655887115,-0.08936694915096288,-0.13542741412766784,-0.0010695294702452451,0.1746866452023509,-0.19512163293773105,0.2131771254993799,0.032971196204622404,-0.23272361241950879
32,0.04418938830817083,-0.26638578313480593,-0.10220364762296616,0.05134719333973649,0.17294634912362888,0.15321387276466303,-0.20137290998731222,-0.010618340265502305,-0.2898370765536294,-0.037755649559921764,0.10326258569578421,-0.11020023790786751,-0.04013756688080372,-0.1077625076294378,-0.03642701750613556,1.0000000000000007,0.046027890676453916,0.16598605098583658,0.3340576471009488,-0.16630541606156354,-0.17698863682351668,0.27517044510549094,0.047129871366846904,0.046388766454153595,-0.03660671259949077,-0.037406399476187915,-0.1118019293368884,0.13812744273849667,0.252813093163057,0.3184612887240141,0.19208347751504345,-0.040874737466679,-0.15138821709490868,0.0991735451895325,-0.08625841692897064,0.09147648344401652,-0.4117544074764567,-0.014754019569090135,-0.08959112907290123,0.010965483401840042,0.0849217573074441,-0.12851854752259834,0.08120723087811489,-0.17941683774265652,-0.08494009165214517,0.20995536080017227,-0.05235898848039697,-0.21245252952819182,-0.23444297122261992,-0.026230716260397673,-0.04195286054739957,0.08500764497332183,0.227435283636352,-0.1167660978772298,-0.039876806267171126,-0.10447205708631982,-0.09977570674787949,0.3437171271003083,0.13125943264072878,-0.22555376981414782,0.11052004436059432,-0.11338098440325871,0.058020923078489245,0.06400185201386394,0.22166343143873327,0.19550979019698025,-0.1973971365348764,0.1553570696984117,-0.03364607887836942,0.198149839546501,-0.2658182492882571,-0.3837688518445018,0.17923199467164455,-0.11452514645018741,0.09100079878656989,0.10022769021416876,0.1738923992141536,0.05159275006030292,0.12669715668200324,-0.06309677367281888,-0.06481538098940605,-0.04027926157895095,-0.22004272248820578,0.08243946854416292,-0.2881235809271554,0.08988968382538395,-0.034581204325997164
35,-0.057959335587318216,-0.11554076811129659,0.0470939921638454,-0.14616696859176273,-0.014237589840892202,0.10124326308999562,-0.351782641839336,0.18460041765646332,0.11521735169142872,-0.22833868693756304,-0.05264474739517316,0.05721130907109068,-0.05330360037866854,0.03792767581412568,-0.19447819453932086,0.046027890676453916,1.0000000000000004,0.05853153720571207,0.15056041170291715,0.12777974186560337,-0.1704203030613702,0.2062655547944647,-0.01874423681993905,0.16316972777515873,-0.1966301213903939,-0.10977391141571201,0.2736751083627833,-0.146237767503086,0.1088339290216998,-0.13338033684259695,0.015168250604216015,0.30268153696529587,0.056535574994143384,-0.042011712937355755,-0.08942612350799871,-0.01642050405774039,0.08180905626390987,0.10807749150014125,-0.03139339940168185,-0.2104345657332449,0.3121889269506573,-0.14641446472152247,-0.06415007707682363,-0.10923244002613768,-0.21329499520763676,-0.14433967118575547,-0.10450910415204122,0.050170347424007035,-0.19581800263611804,-0.16668113767969064,0.06853346996551209,0.03487203498002063,0.4076524425898201,0.003594954423452489,0.0232471789274246,0.09843477553260727,-0.1502440855525109,-0.008308573615738724,-0.16114167615889358,0.04636707981198891,0.02934762503147816,-0.06432209950218716,0.046400358192160776,0.12811498181966555,-0.046711045379297676,-0.1546159743963443,-0.3077525895089917,0.027683433792906068,0.12680308186266273,-0.06525561755922818,0.1160016647576115,-0.24521197295599423,-0.0769749740068544,-0.08226799168611622,-0.10882965099672662,-0.01828300972626551,0.4877137461790564,-0.08593878396566813,-0.12694376923589504,0.06438796002334532,0.10465736418600753,-0.09731570624515587,-0.050974903051079705,0.2528752951726876,-0.3230169558912752,-0.019644579163722586,0.1462534011944705
36,0.14233718438596188,-0.0682309995150373,-0.19501500195743432,-0.003665991609322664,-0.17868903785193482,0.2116872248767135,-0.1603109418969657,0.03873794900383422,0.06801194462872606,-0.18295469737776288,-0.20155887547755083,0.15546788573473463,-0.18353287466440524,-0.18774079283347755,-0.18605400945992592,0.16598605098583658,0.05853153720571207,0.9999999999999999,0.12584436426278614,-0.07648639092464547,0.07381262468224001,0.07132069715721885,0.10685905416125967,0.0549223273714481,0.003178442643738451,-0.09829197434517181,-0.06827920289192237,0.0031363231691745666,-0.08199471250296428,0.027413975189425406,0.18447021585515366,0.21241927574107397,-0.04834829904333791,-0.05869755672014022,-0.14052308173239156,0.06694183130309776,-0.0889449004279997,-0.12758304278303362,0.2084400212144898,0.1509603274433434,0.11205232525328922,0.13100541020367756,-0.28934809366594605,-0.025049291183666656,-0.1448892813161845,-0.14843142495679765,-0.2743234065397559,-0.07579610731042526,-0.02474835520957212,0.14064631734888117,-0.041418607264744854,0.3240059678884872,-0.1577351957832872,0.14189824365914247,-0.0408557869633608,-0.014059872768856804,-0.13896852521982206,-0.15951526494439106,-0.09433707795485965,-0.031687797249007,-0.13689070598027495,-0.4318474184191125,-0.010752796918057132,-0.155031735001613,0.006349362831621524,0.1506323792835239,0.0156619830055805,-0.05774262052098155,-0.07173091820455588,-0.28798206028577833,-0.22809394271884112,-0.10361545698446761,-0.18074909494788652,-0.4816042538303043,0.18327225193409297,0.004684922254534119,0.07997348521357306,0.053477019299365484,-0.11005733964625683,0.07674253492532945,0.11005160819067863,0.11423323012850438,-0.11016433478791952,0.003652910897107401,0.07219874288397343,0.21730510221342988,0.09906964673041602
37,-0.06860950744084031,-0.13513933870075834,0.010261052317741676,0.26314050732772004,0.1398552174430767,0.14964163133158911,-0.18943056917096954,0.250215534448592,0.06166841205986443,-0.07845054533711251,-0.014828418901194598,-0.1210395142840405,0.009678711510582529,-0.039900991563640985,0.06361494906706382,0.3340576471009488,0.15056041170291715,0.12584436426278614,1.0000000000000002,-0.12027140627886698,0.034156295969970156,0.09583552330541444,-0.06578654178007848,0.10904388146789712,-0.3039131086680495,-0.10884877899669193,-0.06996357555883777,0.01692234151210673,0.24849062175826328,0.06925573614713719,0.1477449608344097,0.08034623349403687,0.04847573226881611,-0.2422601243863059,-0.021215382934322246,0.27338583581151354,-0.21498313365209334,-0.02436984953763245,-0.13937238258734388,-0.19292770719980779,0.007607280351827509,-0.1017047855533855,0.18615523521609575,-0.05892322718653176,-0.2405517435057858,0.029128487954784083,-0.0019595395211696232,-0.11586169748637341,-0.30288052346858735,-0.2574967380108605,-0.11785746288715851,0.20394191423159896,-0.0239977469984038,0.14695290323956026,0.12421408071876232,-0.02712901821595137,-0.014174261163916945,0.29667881804633955,0.0723197626642904,-0.13892505845128678,0.028284687759086817,-0.15144026358966503,0.16374794004522758,-0.057597341629893474,0.19131038233763814,-0.036749269803320855,-0.2965554254511192,0.19206537815513297,0.0024244685740812755,0.06000276606549336,-0.2683040567541005,-0.1263600954954803,-0.21508487905217918,-0.10741099893374952,0.05176195222904425,-0.10228308989682543,0.2545369883747027,0.09651912324913577,0.09226497955639637,-0.17397347801754443,-0.11319692083538906,-0.09674913308158711,-0.11536703380238716,-0.13689300877283303,-0.23431335366324996,0.12790367052369495,-0.14766894419624182
38,0.21122636187924612,0.23659339338694685,0.4371796931518405,-0.09863020581152235,-0.06568276418275569,-0.21409050675037228,-0.20803783320665353,0.19718882619386638,-0.07997681349621488,0.17203599372776218,-0.058957896821275516,0.1895887891311201,-0.022853315910302652,0.07668392396319242,-0.04781115607114769,-0.16630541606156354,0.12777974186560337,-0.07648639092464547,-0.12027140627886698,0.9999999999999994,-0.4419683375190461,-0.315597683159059,-0.02320337320087387,-0.1982999964947291,0.11479196819834364,-0.08001322515479085,-0.08495372940121161,0.11921104745574057,-0.1627832002685975,-0.23845304165360726,-0.02718534345411693,0.08459621136499178,0.14918168766803538,0.06338603384124941,0.07972235349022225,-0.10624622445138637,0.01781731058753042,0.14018516975675324,-0.3538031627773273,-0.296552942808857,0.23457796970318476,0.019695440658276248,0.19620697603213857,0.3758964244509958,-0.16361397455544613,0.11607864017124457,-0.032240173122469004,0.21092390746897619,-0.0799693153375122,-0.05004664754413517,0.06281885436922238,-0.253115160107716,-0.12118470030561247,0.02769540360165712,0.15159788986315484,0.11559309981498718,0.0016440606829272008,-0.017196872649609184,-0.1664851973465344,0.2612623641226718,-0.19865750466342538,0.26373897743480135,-0.18192490913550227,-0.07858533017081605,-0.010557574724162994,-0.3512992527432952,-0.15191467044845686,0.036022730798022436,0.21980866905417584,0.15255565774390661,0.11254507293014526,-0.0219309786176401,0.04133899122957036,0.3482428756702832,-0.2890029933251743,0.18669738775857347,0.15832976132973045,-0.12549778128019332,0.14073965469748742,-0.21401616520094116,-0.1209001856212267,-0.0711493641591841,-0.055385335461335505,0.16976545284891414,-0.02310447751703997,-0.03640131388315594,-0.08291443754589307
40,-0.18471474577081415,0.09632753157023374,-0.1537170075468585,0.3492194589848782,-0.1169429496127501,0.21141002176544665,0.2654262098302089,-0.04471937019174121,0.07036591249446007,-0.023423135826864352,-0.05378630823681845,-0.15303897183990234,-0.24412930248266404,-0.10988183606144854,-0.035463796433303565,-0.17698863682351668,-0.1704203030613702,0.07381262468224001,0.034156295969970156,-0.4419683375190461,1.0000000000000004,0.01716455528477782,0.32881231114261306,0.1305583184266517,-0.15519259003593228,0.13349430809375165,0.24479541416018055,-0.308086725566718,-0.15436954423932248,-0.13067227049543614,0.02817997606268031,0.04132964894125478,-0.10149496426508597,0.09966576858587885,-0.0026133431018893287,-0.24226459876824066,0.024799363297955176,-0.15268522644218382,0.12179767610796408,0.018053474764638106,0.02795424183682803,0.13803988109495513,-0.3538895703570845,-0.05954478182192553,-0.0064243804706298115,-0.1747960624688312,-0.04252757882078894,-0.22009891336939474,0.2133986068141496,-0.039655905800389385,-0.062151370291899474,0.311390744115951,-0.028663835308880864,-0.16729261323725103,-0.17054066389438957,-0.23134737880356593,-0.04648775013611884,-0.12347680319111806,0.2676325952328699,-0.01758006374414047,0.06600549019924462,-0.22442189406108126,-0.10010465188589432,-0.2725425831776297,0.14795981456514948,0.1608335801325052,0.14594394162710694,-0.06727285999991464,-0.3333977500877868,-0.2851338574061733,0.11132197357365471,0.41249015474557965,0.14796288508581953,-0.19829490281395032,0.3344566284320555,-0.24005487186956195,-0.24574843591299078,0.06441333146519879,-0.13206604551843276,-0.016046042684664027,0.06337642718641129,0.1688583985857331,0.2267715083749181,-0.22526572060053296,0.26115813965295337,0.17070110492864157,0.08267872803513258
41,-0.0629433982461491,-0.3654597558766915,-0.10297098597307819,-0.1616213516565997,0.017143914764756636,0.16221826646865115,-0.2382598869005235,-0.10638467313983353,0.15224558031775326,-0.32029524723466746,-0.11988966027208894,-0.0619767902968197,0.07375030544738163,0.17028912957732945,-0.022443723177245026,0.27517044510549094,0.2062655547944647,0.07132069715721885,0.09583552330541444,-0.315597683159059,0.01716455528477782,0.9999999999999999,0.015373543185478128,0.224532939114985,-0.18271415563127572,0.19426302711745724,-0.18112386099738326,-0.22972636223848256,0.3873452917325165,0.5204702415122404,0.12336467568985132,-0.2181956482334086,-0.1994792398545861,0.30242248680036365,-0.17231572414529633,0.06308936049926381,-0.12002465645362355,-0.04253894012023951,0.35672250550834367,-0.0069617307857859426,-0.06998185060587259,0.19571947004362705,-0.1262508221414884,-0.4219170660691385,-0.006679702326063483,-0.1700609178405729,-0.11725665598476558,-0.2696112503460935,0.032672517198231,0.14086458611062141,-0.00036559414023877096,-0.1136930179889243,0.27215606849105217,-0.01656223857362451,-0.24452847244236506,-0.28857486677696187,0.0029605615928805446,0.05259355797865975,0.0537249577577157,-0.4725480112891117,0.16781652486712623,0.0681346934009828,0.15866803436978588,-0.04552898664577971,0.006654844186924625,0.16741138377537257,-0.03434135850993179,-0.2702522874399167,-0.14771806633116005,0.036836820098246924,-0.22301426116152412,-0.047919903133930415,0.1480069727010082,-0.10138664961056813,0.3541431498075551,-0.011678181617947906,0.15711457983907656,-0.1326074881679992,0.16105771132988395,-0.12918353443353922,-0.19313310924169502,0.20108449640559217,-0.07412482257043232,0.046303731557718275,-0.15343797121718872,0.1315936200576064,0.2026724804100667
42,0.057520000848240174,0.26982217904876166,-0.06680715280715982,0.0656705625079526,-0.29734945796161133,0.15876285736197462,-0.09935999647387823,0.22198757060225238,-0.013116107426851592,-0.24480066777610265,-0.07375079863413156,-0.07744812282620389,-0.2500794717629055,-0.07088841722474641,0.04655573479905899,0.047129871366846904,-0.01874423681993905,0.10685905416125967,-0.06578654178007848,-0.02320337320087387,0.32881231114261306,0.015373543185478128,0.9999999999999998,-0.06822409534181091,-0.039417974123765034,-0.08766917297374208,0.19001995604496452,-0.3648722035661188,-0.08775579871102834,-0.03563974387999222,-0.277406317665212,0.1043903011001379,-0.18794851348599534,0.22888513700430413,-0.3434099302616477,-0.08912188911325743,-0.006186522507045932,-0.38481065452398183,-0.14264164375744023,-0.059474910856054844,-0.11020637404327965,0.1952005007160599,-0.3318190870001724,-0.005575710751107713,0.047571635203995724,-0.145282246738922,0.27594518867453577,-0.23401336348399376,0.2112379467773629,-0.09125642884940727,-0.2588879892796084,0.06902957277609043,0.06957316667695512,-0.22837402289481598,-0.04775256625253397,-0.44881314487142365,0.12276458895811705,-0.08343368567591,0.4689662484951804,0.09306843633161256,-0.12661087000610108,0.15530924560808557,-0.32564344303340487,-0.07705016596781611,-0.08258166761214022,0.05841842813583832,-0.012322535267615627,0.027879067238988472,-0.1889347211326342,0.2845464355037163,0.17453740855008099,0.258664495114736,0.12719218276307737,-0.10423633481752169,0.18193612493542224,0.14287713699188,-0.2583402557793173,0.10664009201616993,-0.07317045043539692,0.058771086964887316,-0.033881471450151426,0.2914976664876447,0.035542367633056626,-0.0027083647683040155,0.1789515941036145,0.09740646169943569,0.12247725892999475
43,-0.2595455593115108,-0.13221902619167897,0.07196843530812239,-0.006947960639974381,0.023428595035752016,0.25232597695625747,0.1791025851194206,0.06871885187095879,-0.1287767688757966,-0.03795943739180971,-0.17593828590941443,-0.283607566769971,-0.014279827810454955,0.23951228841814767,-0.27732496030064807,0.046388766454153595,0.16316972777515873,0.0549223273714481,0.10904388146789712,-0.1982999964947291,0.1305583184266517,0.224532939114985,-0.06822409534181091,1.0000000000000004,0.029830560714200295,-0.10879972837578623,0.051899297146209306,0.12880328715160194,-0.04993367076116383,0.09283960850744034,0.14935989708985958,-0.014135113233969427,-0.017364703834294636,-0.0432639229439227,0.03576424828957299,-0.015842263100066062,0.09375086934326843,0.038534711594133415,0.15342032969609617,-0.08207875363102597,0.07894019527132377,-0.16277701931434596,0.03576606454171536,-0.3357602571717361,0.03701201264802673,-0.13517373893625642,-0.28594078370787596,-0.027520477749086045,0.03346912263314642,0.05542288152390245,0.08347400198315699,0.006110289541607794,-0.014596665323343885,0.1954373642911414,0.007989243844255547,-0.024981840945525947,0.2062577904661947,-0.2695781349806622,-0.036731178742716086,0.016824065950534726,-0.15921345673909135,-0.39073201333628776,-0.10657776668417913,0.04202205854450459,0.01044399797940557,-0.12318443292326642,0.044386489922004606,0.08640963431961306,-0.004685642280946829,-0.03306051378647872,-0.06383960735943608,-0.022254729855022203,0.07188607511627872,-0.20454545779881206,0.05902493084852534,0.0004026129533703987,0.09628591316998013,0.07163688934937902,-0.10216350838326954,0.12105018841166594,0.00828659748946893,-0.07801916194278857,-0.1286061189368179,-0.11129642457293062,-0.15905448262167593,-0.16232439244524885,0.117175282975682
45,0.06029094959384121,0.07028970115662342,-0.15676570320981897,0.007629942533395877,-0.01505382444438988,0.02398012200269533,0.23054757666053202,-0.005414605285268242,-0.05142659991921679,0.1966591538991599,0.1551555867622178,-0.31146559499316384,-0.09013865988486762,-0.12812114374239292,0.22506662875497435,-0.03660671259949077,-0.1966301213903939,0.003178442643738451,-0.3039131086680495,0.11479196819834364,-0.15519259003593228,-0.18271415563127572,-0.039417974123765034,0.029830560714200295,1.0000000000000004,0.2514863830092536,-0.009075558167694413,0.18354408981896753,0.12318009017607548,-0.03531983431660546,0.07728807825718768,-0.23563907658066893,-0.029993389734767215,-0.11103596684642252,0.28804816137774475,-0.25319836532588763,-0.13273399868868935,0.046650092715387545,-0.20859329287241776,0.35839957283985047,0.029091177161704784,0.29470057509457426,-0.013157916478428795,-0.06484734405939954,0.06000986929448108,0.013723922795140757,-0.05122106164398646,0.0978108049107803,-0.11416744970418051,-0.03425663898292439,-0.059061617497464095,0.04937174852600699,-0.18635894572594203,0.14181577238391152,0.02867796604280101,0.14805887409712606,0.030626599498210144,0.1658426224749431,-0.06144191996438296,0.1680007515405102,-0.2976883068216837,-0.06240966017074703,0.16742279907445742,-0.25808333233551534,-0.017523436980729244,-0.06752399512609829,-0.13791121199489798,-0.007094018280879176,0.025753008333000232,0.0008467503453708912,-0.037766053441151984,-0.028851036381849843,0.146394697419868,0.142184259765127,-0.32222615746047933,0.030684975674747768,-0.026953985785773207,0.036058714371394386,-0.2203334418938561,-0.023021666626222,0.04442836851624437,-0.1387265431137128,0.09504672414470045,-0.04475219813264925,0.07663081112218263,-0.14997579010617185,-0.2605699217558434
46,0.12212884982910775,-0.07530060487467695,0.027852937930385166,-0.002379831325230741,0.20276017985764513,-0.04619463147725284,0.1881508258503392,-0.18001720739412677,0.07446122334806175,0.3061746197429252,0.0962657589542084,-0.11464318717898057,0.02325989439776458,-0.047240450685317584,0.16257072344172618,-0.037406399476187915,-0.10977391141571201,-0.09829197434517181,-0.10884877899669193,-0.08001322515479085,0.13349430809375165,0.19426302711745724,-0.08766917297374208,-0.10879972837578623,0.2514863830092536,0.9999999999999998,0.11715280338781975,-0.07936898582313852,0.06368988797982532,0.21215907765408568,-0.01889987246895322,-0.34148281714584106,-0.3362969888769727,0.047239290269475674,0.10748217579488561,-0.12559974422017658,-0.11395420319348866,-0.012629020498657566,0.08717750862998641,0.005485256515319809,-0.07884969693607778,0.05144386378422861,-0.04644751739998893,-0.06893562223678325,0.019077020644494628,0.047980751333738816,-0.123171673592648,0.1394989730665509,0.07556195109022215,-0.021827592529945847,0.024691943582756008,-0.11420686309310728,-0.07717141209394833,-0.1404275606970496,-0.22442327074848117,-0.10459715783557959,-0.04797822326891045,0.0887244935689748,0.05096855403617329,-0.2072847342529496,0.04233866559830675,-0.08392689039288947,0.03986814063273126,-0.13853068703845975,0.151162631908614,0.1616797658014578,-0.09283331222747107,-0.19894506616969584,-0.37481763936934503,-0.049154309619028454,0.10423940259324002,0.011808307166910486,0.13547308550213033,0.18459705380227884,-0.04574368557469,0.03212546669292975,0.03315254524886217,-0.11597502297803461,0.008505819905548205,-0.0299941380622273,-0.24349429153127206,-0.012741670223543295,0.09733629258721564,-0.03409175689697917,0.2785433254204169,0.10059921832855419,-0.15230919336151255
48,-0.15874077750018808,-0.03883215394138465,-0.08483950914519281,0.13769906033727108,-0.17689375022881446,0.07970240973841612,0.039631941897670685,0.10424993038070218,-0.037588138660155375,-0.07611530711766049,0.042198096957313906,-0.21527450569301312,-0.2370674260574992,0.06741871344005747,0.11914496810820206,-0.1118019293368884,0.2736751083627833,-0.06827920289192237,-0.06996357555883777,-0.08495372940121161,0.24479541416018055,-0.18112386099738326,0.19001995604496452,0.051899297146209306,-0.009075558167694413,0.11715280338781975,1.0000000000000004,0.00769993497086496,-0.2188882616592104,-0.041817581558735335,0.008087015755006104,0.10376530865411344,-0.2504339533450791,-0.04349729455760362,0.17085446550226005,-0.10680547646125498,0.10307288021964522,-0.32165251075477674,-0.022494296092280364,0.03825827282156227,0.09561622183266384,-0.04152570929630276,0.07908700853055596,-0.1550821000140675,-0.15206778902631427,-0.14389493632179007,-0.11586089893308907,0.19260542047811707,0.1749813351041401,-0.38484015021283735,-0.22577378858756775,-0.0028045498204909186,0.11741974889833051,-0.13995482015765778,-0.10128877331871014,-0.19704553922214166,0.2111153408720616,-0.1048862143189589,-0.15182686745352816,-0.014508877996029226,0.10788189560554153,-0.15364302806052596,-0.20262354778591848,-0.10547978749100657,0.16945402891975225,0.005278561467398296,-0.006995742052924635,0.10049617870975762,-0.33019461981626663,-0.27880813544382055,0.2216969454361703,0.05387719652724492,-0.06622580351132196,-0.11161666040541078,-0.19371242779699308,-0.04024963508032671,0.12881695405310895,0.23654939351726567,-0.06802490639898995,0.3824942919493356,0.0416442204672451,0.039896264832144646,0.28268751894330574,-0.18356524285310244,0.06515696340866817,-0.05932944336642495,-0.09504488088651482
49,-0.043620103067512225,-0.19636194135549853,0.07904958608106753,-0.058978850014443016,0.03610771225599005,-0.12618849803818336,0.3296969639209828,-0.09244071884186109,-0.10320966945448234,0.2253038543271619,-0.1238283782509045,-0.04826835804935087,-0.09577926472779144,0.20833191131847023,0.01701815671711336,0.13812744273849667,-0.146237767503086,0.0031363231691745666,0.01692234151210673,0.11921104745574057,-0.308086725566718,-0.22972636223848256,-0.3648722035661188,0.12880328715160194,0.18354408981896753,-0.07936898582313852,0.00769993497086496,1.0000000000000009,-0.009689250851893174,0.0288231526336036,0.24395798420174147,0.06366595400580247,0.11334138076716688,-0.34559215876627114,0.417161457261157,-0.11230980655759049,-0.13322955872656747,0.4108006393674355,0.27184414554979497,-0.00322447382535527,-0.054922037770318406,-0.22650894282241335,0.3913012062735663,0.05885062798748379,-0.1901774138485419,0.15804477129013184,-0.1211866049321725,0.15306614408210764,-0.10832555705989912,0.09134510578669043,0.24134905316767005,0.08183566078961514,-0.016575391689804157,0.16899904929169932,0.09152078617256174,0.4323907351101027,0.01897654834567161,0.11704844912415187,-0.2915468087175035,0.04115641672495434,0.11644321022172044,-0.08880329536349675,0.09815347479546635,0.2819659895194082,-0.06527013963831577,-0.29133928130821907,0.05850527864957633,-0.025599878593698083,0.38095183486270223,0.17271660416218967,-0.09942281010244604,-0.22749971465797023,-0.15861641935719942,0.22885150440798546,-0.31387868061298524,-0.22416405968240108,0.12754321883259273,-0.09642912834355861,-0.32261204503408397,0.04520884920667678,-0.1575809584074109,-0.31276759891943495,-0.13900103287175297,-0.17112054734230828,-0.2168615593200445,-0.172283747220404,-0.3751191371980444
50,0.04457981398528022,-0.1535997273067362,-0.16165380975862914,0.05040147424582971,0.3134767102880755,0.00566451793225459,-0.04448879049408561,-0.11700032319224157,0.11619168450925546,-0.29024231488825775,0.04128274331190862,-0.12507807527511305,0.13254404632543082,-0.1685717140725979,0.15570980306382867,0.252813093163057,0.1088339290216998,-0.08199471250296428,0.24849062175826328,-0.1627832002685975,-0.15436954423932248,0.3873452917325165,-0.08775579871102834,-0.04993367076116383,0.12318009017607548,0.06368988797982532,-0.2188882616592104,-0.009689250851893174,1.0000000000000004,0.30157150638580593,0.13468009515419035,0.01627543255795067,0.06657076239346432,-0.17296592174403164,0.09937463006327411,-0.1069304380292424,-0.22074808486869812,0.19014826382768074,-0.1166263118601451,0.07401970802302808,-0.14037236063275613,0.19912291071147123,0.13629129215522395,-0.17185639778110923,-0.2461344214983046,0.009691848298150152,0.1791393050035302,0.10299190613676419,-0.349873100017099,-0.08410292181251267,0.10707713973791204,0.03160945134918461,0.4298293461118364,-0.09945782454552675,-0.17212990340171166,0.13053176876829284,-0.24341259789631653,0.5134975174483792,0.005340694481278892,-0.3719615890667556,0.17975590364965907,0.12784793799470412,0.5505327213248652,0.1065144852014629,0.06883491891108341,0.012157299204709912,-0.26320072909774167,-0.042417426835696825,0.01365374902679618,0.16320589728914725,-0.12667984128692406,-0.2598642274071773,-0.0060148705872502695,0.1708717267672746,0.0779680526461291,-0.08646103675710341,0.2343207385379772,-0.10850114884172622,-0.07683969261089131,-0.06940015530765782,-0.2381591323194244,-0.028148217796533353,-0.08550034791467863,0.04564835574026151,-0.21351418995062818,-0.1655381207906994,-0.3149106877129168
52,0.17230826318965162,-0.11803323208174277,-0.0983879365041182,-0.022584206912721578,0.08324648584047219,-0.031292163527745706,-0.20689685491616797,-0.009809001749186962,-0.20317626714320794,-0.32194784092100476,-0.04889782252087075,-0.13535653056794206,0.06288811748634633,0.1844807943619551,0.09874851899856436,0.3184612887240141,-0.13338033684259695,0.027413975189425406,0.06925573614713719,-0.23845304165360726,-0.13067227049543614,0.5204702415122404,-0.03563974387999222,0.09283960850744034,-0.03531983431660546,0.21215907765408568,-0.041817581558735335,0.0288231526336036,0.30157150638580593,1.0000000000000002,0.1404154701731572,-0.21360412176928445,-0.05732904567932804,0.2773619511128215,-0.03406060334993099,0.034784583000066045,-0.19202942892919025,-0.019401256018921738,0.20537353346401083,0.2642662164983909,-0.11766952390355725,0.21559739700442554,0.020313170446015594,-0.327445157005696,-0.146775308336967,0.038324819978546774,0.05142240392984775,0.07376673204200901,-0.023323814974145207,-0.014639281832965041,-0.2145867788103673,-0.2298857961958522,0.07237439859897597,-0.16674760156678337,-0.1634775262571245,-0.30666057393530183,0.11292495172728088,0.21719652543390197,-0.014602693185960032,-0.3168016914037503,0.1873934334555118,-0.06596217665320665,0.04478921172859003,-0.054678947387458626,0.08320291316775508,0.22106575566410555,0.10834552518826497,-0.22235845279849645,-0.2908050591542646,0.025117217396654547,-0.16288171890912523,-0.05025208048901536,-0.03334851074398578,-0.04076619008244369,0.1712567163679928,0.15609868287496922,-0.09495260037199825,0.0215546352736173,0.028051179490353958,-0.04467244733804696,-0.19842714482663673,-0.03661409335197543,0.11701755231424008,0.06438085890756069,-0.10740706813287279,-0.13404158006376318,-0.1282592055991329
53,-0.14994299643613312,-0.21856996718157481,-0.20233142117356012,0.005744396345843743,0.12695000526846564,0.07499809000727732,0.10018380578152236,-0.09792768535979264,-0.15049217514132737,0.12323770269183931,0.10089976403247043,-0.22532177700986053,-0.026475910703729254,0.02194412817221471,-0.011082433329201282,0.19208347751504345,0.015168250604216015,0.18447021585515366,0.1477449608344097,-0.02718534345411693,0.02817997606268031,0.12336467568985132,-0.277406317665212,0.14935989708985958,0.07728807825718768,-0.01889987246895322,0.008087015755006104,0.24395798420174147,0.13468009515419035,0.1404154701731572,1.0,0.08198829313602586,0.11729173288569919,-0.1232202555031421,0.4566809426331868,-0.14314619174412133,-0.09649097482987382,0.2583687994861583,0.12148167280397178,-0.029903968812637585,-0.010410177985495045,0.11720687701180652,-0.05051855711045746,-0.10135840835886295,-0.11209485708754023,0.10630818636639743,-0.17942997172996072,0.2629699355465065,-0.2291426066631108,0.08149910302663396,-0.01440757674566106,-0.0911478242883858,0.0211982151474413,0.27418769632209417,-0.13627868856831504,0.04088101533402785,-0.09343430346778514,0.3540139005193847,-0.3897697301218791,-0.30981595937212747,0.12486709977718871,-0.4308919149215458,0.2027406735835126,-0.16516574128387623,0.20190649927948917,0.13505099147474633,0.06682682245699902,0.10599750619381326,-0.21880198892221484,-0.24011949537439498,-0.1783796305239145,-0.23062026686013087,0.01163644369224287,-0.03016571484943324,-0.10643532156146861,-0.18805174776408307,0.06155167610446995,0.11544926851498968,-0.04915073693659676,0.07589960283236158,-0.06912454940412678,-0.21810246856588245,-0.29497570621334296,-0.12387207912853207,0.006948248275600086,-0.06928894490846216,-0.2237813636794847
54,-0.12100646279192423,-0.0696639975383033,-0.13582838951212353,-0.04646762387025993,-0.007162582648884894,0.17186612251612168,-0.16163136098331968,-0.014946123065845042,-0.0559685250622494,-0.09448789273971572,-0.2077711192833281,0.13401194697776903,-0.3081959920727158,-0.08138843180196711,-0.09951739677580648,-0.040874737466679,0.30268153696529587,0.21241927574107397,0.08034623349403687,0.08459621136499178,0.04132964894125478,-0.2181956482334086,0.1043903011001379,-0.014135113233969427,-0.23563907658066893,-0.34148281714584106,0.10376530865411344,0.06366595400580247,0.01627543255795067,-0.21360412176928445,0.08198829313602586,1.0000000000000004,0.21392725914005936,-0.15275834551149295,0.127090731614235,-0.016800489427703846,0.0006930084801354352,0.05744702627921568,0.13711073873454646,-0.042963134905767864,0.0558628549688022,-0.24399283822231807,0.04791688184521883,0.15736840853221024,-0.08799694930450294,-0.07524732869366332,-0.13134337918163366,0.034741696319024705,-0.10894435318419074,0.04805093908142552,0.1327138231829777,0.22676843910942684,0.25384417813213783,-0.0037966488369592074,0.10089051700137815,0.13588893824177106,-0.2750232204540756,-0.004115169494818139,0.033419224204193056,0.04509275647646822,0.25098141177230987,-0.2505639998459013,0.1295851565610386,0.06098528566901262,-0.0991610659862468,-0.056047906853482994,-0.02165487168291648,-0.18154078254034506,0.18837698651638932,0.029483282222506145,0.16118320793903917,-0.07090971412250824,-0.0997924077423657,-0.20661854067375646,-0.02711250285596221,-0.1430409310690008,0.2935584322503116,-0.1607089644601539,-0.1919698733437945,0.08355035329090704,0.21249045339498746,0.004088374610380979,-0.0652798194070425,0.006212287794574107,-0.1469385890456199,-0.10458910105477058,-0.08566552043633342
55,-0.04519642829638652,-0.04333303843634233,-0.04391751455381991,0.05467648428340248,-0.06657589442587163,-0.06440613676062963,-0.15356493579397082,0.17190277680395155,-0.061250486007655564,-0.15015183484843506,-0.03693369819194501,0.06350230405302641,0.11282927183013577,0.260518564535413,-0.2191767624572474,-0.15138821709490868,0.056535574994143384,-0.04834829904333791,0.04847573226881611,0.14918168766803538,-0.10149496426508597,-0.1994792398545861,-0.18794851348599534,-0.017364703834294636,-0.029993389734767215,-0.3362969888769727,-0.2504339533450791,0.11334138076716688,0.06657076239346432,-0.05732904567932804,0.11729173288569919,0.21392725914005936,1.0000000000000002,-0.06973021340710754,0.13948585258869806,0.0946399743628904,-0.04575884852333241,0.429994852259205,-0.014365739011419212,-0.15843017837826662,-0.18831547355155928,-0.12349881540718011,-0.01629437197953509,0.18188223388557961,-0.13280069958518423,0.12623153407913298,0.16808302735556305,0.14701818120118357,-0.15084632417672023,0.02161837921511824,-0.026611371627657556,0.03405728060980488,-0.019982604925579715,0.16605513004197178,0.47089611305299517,0.08008304776231363,-0.1600554840152368,0.005288559572422284,-0.328539558185247,0.2815058528991332,0.07517560554283534,0.0632476061842701,0.23545329120344186,0.058395731139711145,-0.06188964576671897,-0.22152058257300533,-0.006263793198724286,-0.1607340754755408,0.2576934851560405,-0.03298747121194253,-0.020044978345259735,0.062002672594711865,-0.09389099227182689,0.01607344446306924,0.015481534359450669,-0.07400065695674697,-0.08603304968576149,-0.18362946988842652,-0.08888515143337611,0.05794897000540193,0.24705390891292495,-0.22097773414641259,-0.11214030719248423,0.06861347589409877,-0.36918819159724847,-0.2684437493221107,-0.07789003032290084
56,0.030416878804386576,0.07256984563334377,0.1777412928991256,-0.22961168927232734,-0.10859682939503343,-0.06154142128935065,-0.2327193883572874,0.1491211509715698,-0.14013247905039858,-0.17809013107669308,-0.09492948385951606,0.10552235282148742,0.15597225056874628,0.24419313373927973,-0.18002214960491142,0.0991735451895325,-0.042011712937355755,-0.05869755672014022,-0.2422601243863059,0.06338603384124941,0.09966576858587885,0.30242248680036365,0.22888513700430413,-0.0432639229439227,-0.11103596684642252,0.047239290269475674,-0.04349729455760362,-0.34559215876627114,-0.17296592174403164,0.2773619511128215,-0.1232202555031421,-0.15275834551149295,-0.06973021340710754,0.9999999999999998,-0.0743833096868629,-0.06450340867520475,0.049772815122216936,-0.2551571989673365,0.0036743839214981827,0.0528652824089429,0.04654862181877449,0.17571779009869337,-0.08202450536940549,-0.0604335885834721,0.07056222073699235,-0.0015279503523288615,0.10487218850685165,-0.14176078744143733,0.27999893927018715,0.24941969923962173,-0.04825378680990574,-0.3663224532575714,0.043673412756049516,-0.12131022560629308,-0.15153332293242297,-0.47189383330442525,0.09334281612525572,-0.2705051343783014,-0.03935315060787853,-0.029255555045373118,0.08608769623363657,0.11298958543126639,-0.2686945742154191,-0.13922662904931193,-0.2220527341773054,-0.1318057864963525,0.16490073632758967,-0.12419254204224024,-0.1463474413047689,0.12023705523117313,0.09683795155052596,-0.022432969521176162,0.06468850562100069,-0.018355578783119948,0.1523573178142596,0.34896832619101964,-0.18786222032830888,0.2075983972185327,0.26731232307667596,-0.18979320210238151,-0.009190328552826005,-0.10585180837870914,0.05888629116138725,0.1591858168976699,-0.04423524004003312,-0.0358557158628043,0.17252586775044668
57,-0.15100398699118306,-0.12345452630422346,-0.16344350775314298,0.13861293075119213,0.27160923795536795,0.07715465380391177,0.30005948111882647,-0.1434682395001704,-0.15348577871099184,0.39667565782971387,0.04926869206401878,-0.2153750228338526,-0.2390569735221476,0.19776129616088156,-0.0618457332344715,-0.08625841692897064,-0.08942612350799871,-0.14052308173239156,-0.021215382934322246,0.07972235349022225,-0.0026133431018893287,-0.17231572414529633,-0.3434099302616477,0.03576424828957299,0.28804816137774475,0.10748217579488561,0.17085446550226005,0.417161457261157,0.09937463006327411,-0.03406060334993099,0.4566809426331868,0.127090731614235,0.13948585258869806,-0.0743833096868629,1.0000000000000002,-0.2966499376404995,-0.29112160049183916,0.26372596018541383,0.17290119914266835,0.12106095224073564,-0.1294386475091662,0.06288255355273233,0.3343230142094595,-0.09935616549287268,-0.04362952407729324,0.037306370514901856,-0.012392325129078122,0.4516784052687126,0.06269581546313654,0.012841699104091662,0.22582926367287964,-0.007518550010099831,-0.08963603375182742,0.12757756045753818,-0.06346091024993333,0.06300894686232764,-0.1910818769599926,0.08473437681962492,-0.35299572203656615,0.03686107423144259,0.3346355871398978,-0.2691629533966863,0.24899939208946295,-0.08968374922947227,0.11213681010218603,-0.3329986404335977,0.11347308775009579,0.11342311531826918,-0.07147072577010509,-0.11769154276646111,-0.045492332298635446,-0.09455163377439868,-0.20630966342326187,0.28725723964724514,-0.1842051642203275,-0.29671269828397306,0.006921511136904389,-0.19365535620331195,-0.24010028730819183,-0.032367645816551896,-0.038903179058670585,-0.3313667234300338,-0.013896762361635458,-0.1703962845158575,-0.10352579778288001,-0.25837976860076894,-0.46002519216185117
58,-0.03971513678223109,-0.10466379716322395,-0.07257568278972255,-0.07127333787732104,-0.06216359690836232,0.26784835539292856,-0.3404380014214117,0.11300725755703497,-0.07462191791722553,-0.2205192642453461,-0.019627479098330215,0.05479678449383693,0.198301176160439,0.021395193305349686,0.10757422784528803,0.09147648344401652,-0.01642050405774039,0.06694183130309776,0.27338583581151354,-0.10624622445138637,-0.24226459876824066,0.06308936049926381,-0.08912188911325743,-0.015842263100066062,-0.25319836532588763,-0.12559974422017658,-0.10680547646125498,-0.11230980655759049,-0.1069304380292424,0.034784583000066045,-0.14314619174412133,-0.016800489427703846,0.0946399743628904,-0.06450340867520475,-0.2966499376404995,1.0000000000000002,-0.07310772644076922,-0.22129881632643242,0.188932204230868,-0.21661981107659953,-0.05373190560350771,-0.09096539514254659,-0.03104765324196828,0.04616924220057959,0.255012710740019,0.000579939984150321,-0.17702478055050644,-0.043704564334223824,0.017343883299672586,-0.09727910167075102,-0.2884458790180947,-0.05103904900816347,-0.2547379744608467,0.305311442640703,0.13862355099971693,-0.0579994553902416,0.029290122037473124,-0.15601251654804457,-0.14384067007912407,-0.12663563733954497,-0.019449171215969965,-0.08692821261644076,0.059997536519004656,0.20869872972025055,-0.21951434659933056,0.12710580189154902,-0.02490787136695599,0.16138973699942832,0.14984518073422218,-0.11662489911930811,-0.34750317201899283,-0.13940782125722784,-0.1366819931995031,-0.3195245819729551,-0.08002318348676818,0.21991032195339666,0.15826735536032727,-0.02843087967329847,0.20370952301421244,0.20251750089292814,0.28366629519557307,0.11103918659117135,-0.2005516768382269,-0.011889501617003794,-0.018159213001968218,0.11365999402964387,0.13433783964200113
59,0.015222493468218943,0.17539718994674613,0.19268630887425778,-0.29035807107686695,-0.267406757597223,-0.13924867830539753,0.06445152257844045,0.1260532035221423,0.023346874153562607,-0.07560964824740628,-0.24175726714957146,0.06829721880155876,0.12482006955161427,0.02678068217001765,0.06338674379149652,-0.4117544074764567,0.08180905626390987,-0.0889449004279997,-0.21498313365209334,0.01781731058753042,0.024799363297955176,-0.12002465645362355,-0.006186522507045932,0.09375086934326843,-0.13273399868868935,-0.11395420319348866,0.10307288021964522,-0.13322955872656747,-0.22074808486869812,-0.19202942892919025,-0.09649097482987382,0.0006930084801354352,-0.04575884852333241,0.049772815122216936,-0.29112160049183916,-0.07310772644076922,1.0,-0.14320848191037258,0.02632455132850342,0.007519706359859304,0.1772018830928301,-0.16097367455436234,-0.0847258474925268,0.09964259204509451,0.0687808577078218,-0.029697054880911563,0.012210965613915232,0.04534828723256932,0.037927105041942605,0.06527898114700736,-0.04924404788261046,-0.3118561940447676,0.1261083665476282,-0.09618324814584649,-0.01372893825021987,0.109744156225706,0.19511354965689837,-0.18826380715929444,-0.16297976553848537,0.010381861873903763,-0.35672680398984247,0.05547978587984619,-0.31669851794137927,0.10244952725516711,-0.17929846865407312,0.10302095564665463,-0.0002783737004398016,0.05867714666466021,0.08862565009017105,-0.07644976607413254,0.217532820049785,-0.03045144252238191,0.07372302307427511,-0.184764558689324,-0.23098720429993025,0.3088000844421791,0.061972998885716564,0.21213903104073958,0.04865395948072463,0.12132855478950925,-0.03317543225376943,0.02621806510063046,0.08979656533119126,0.06019869762576325,0.17990664362739278,-0.00018137633627754446,0.27473861754573414
61,-0.07526691974752693,-0.17445976037739472,0.16306712480787922,-0.08579913240121473,0.1748412968709524,-0.21916903061357967,0.20647212236678686,-0.04165236334226994,0.1237109339669542,0.10231190348920281,-0.08909413297124899,-0.035611268427078416,0.07317631515612902,0.2815463157360572,-0.18180788347785876,-0.014754019569090135,0.10807749150014125,-0.12758304278303362,-0.02436984953763245,0.14018516975675324,-0.15268522644218382,-0.04253894012023951,-0.38481065452398183,0.038534711594133415,0.046650092715387545,-0.012629020498657566,-0.32165251075477674,0.4108006393674355,0.19014826382768074,-0.019401256018921738,0.2583687994861583,0.05744702627921568,0.429994852259205,-0.2551571989673365,0.26372596018541383,-0.22129881632643242,-0.14320848191037258,1.0,0.08822168922808765,-0.23456475676410507,0.0414847265928377,-0.12544410285526567,0.07053564480354971,0.09884538588221957,-0.20039175556526698,0.08747809658317122,0.05035103862234224,0.16590144947624597,-0.1951250071912361,0.07093226094582689,0.266974969245343,0.12924354247930875,0.1379662074460064,0.125085665201775,0.08984698133266622,0.3236520853719915,-0.1564494548491941,0.2138727059560056,-0.15782813962231523,0.06431898238628453,0.18502588170700457,0.05457886368892411,0.1845666276125681,0.22599012444768707,0.011728028389191372,-0.25321731337462766,-0.040144192500639754,-0.2162153712564631,0.39143945352500165,0.12052759010699858,-0.11672240705450838,-0.038122129048232166,0.050310015700997836,0.48288711122406014,-0.07627890843276115,-0.23919327369795254,0.023459551212862098,-0.4591701381475769,-0.31696863863401464,0.016534915308209434,-0.009358043598541158,-0.281169762576676,-0.1619183124072485,-0.022059548302246726,-0.3798511856986111,-0.14397422415612388,-0.2637810661345001
62,-0.20210560858130558,-0.3535453261351084,-0.33354968349829034,-0.2008524882365404,-0.028804962009043127,0.2027026904179708,0.1816964511822605,-0.22672175824143118,-0.0227554404241932,0.0042803386631367025,-0.20818838079098045,-0.010747929391477382,-0.1138696975295846,0.3082112391202021,-0.08315155624828333,-0.08959112907290123,-0.03139339940168185,0.2084400212144898,-0.13937238258734388,-0.3538031627773273,0.12179767610796408,0.35672250550834367,-0.14264164375744023,0.15342032969609617,-0.20859329287241776,0.08717750862998641,-0.022494296092280364,0.27184414554979497,-0.1166263118601451,0.20537353346401083,0.12148167280397178,0.13711073873454646,-0.014365739011419212,0.0036743839214981827,0.17290119914266835,0.188932204230868,0.02632455132850342,0.08822168922808765,0.9999999999999993,0.05058076912908832,-0.1331106439132192,-0.13274989210765145,-0.07429050861806975,-0.18944424881341157,0.15465218227818983,-0.15014049201898796,-0.26939624098890863,-0.18891974674199818,0.3411347541768362,0.34794886312413437,0.07018766622766096,0.1560137760137179,0.05300166819789034,0.1429078535422503,-0.10463435387698658,-0.015002349326581326,-0.09276701226446388,-0.2901516962370359,-0.18744199469221212,-0.1718888480929317,0.2713379751973767,-0.29806565934459545,0.02964560468730164,-0.010216724188939954,-0.08979092860682647,-0.016565063019942785,0.33511007444444735,-0.2731292544312197,-0.039820288153472716,-0.16677251439418897,-0.13681843853692302,0.08394518541901781,-0.04203548088783091,-0.24405404873530107,0.14776650042352932,-0.30175909373355797,-0.060261039725495395,-0.3414240374593594,-0.15255506967521984,0.1493883080104747,0.15333441156387084,0.10220658622642592,-0.012262818857114388,-0.19411301283699273,-0.00901784313260448,-0.008075676684273484,0.09726221811431973
63,0.13403968916392278,0.04249085411702654,-0.3139746916004251,-0.08085001548754325,-0.05523262274588123,0.034941939463732,0.06802359980131928,-0.17195276050315644,0.0036829253194967096,-0.06302767690035173,0.10500994973289024,-0.06950181198611292,-0.08306620078201209,-0.18599749106439972,0.1547634799901707,0.010965483401840042,-0.2104345657332449,0.1509603274433434,-0.19292770719980779,-0.296552942808857,0.018053474764638106,-0.0069617307857859426,-0.059474910856054844,-0.08207875363102597,0.35839957283985047,0.005485256515319809,0.03825827282156227,-0.00322447382535527,0.07401970802302808,0.2642662164983909,-0.029903968812637585,-0.042963134905767864,-0.15843017837826662,0.0528652824089429,0.12106095224073564,-0.21661981107659953,0.007519706359859304,-0.23456475676410507,0.05058076912908832,0.9999999999999993,0.00019932623020515094,0.17479473184608213,-0.0444268947697495,-0.20746689419269582,-0.04788055234343048,-0.01932311067120169,-0.0048950431498284595,0.04796737923731581,0.06665242645806309,0.18944052194352892,-0.06277915053843307,0.12492349512289741,-0.02433894972502681,-0.21936305666963787,-0.2468388514577928,0.06725135790485329,0.05378218412954577,0.06765901724173864,0.06625330532102384,0.05501735443392415,-0.10755978410416368,-0.10683040127652761,0.10400424148701917,-0.08745862383463184,-0.00030709097326916404,0.24096405576980703,0.21836011614480122,-0.09443453583899478,-0.13214223053018367,-0.22331789886777725,-0.13318508352906672,0.005820362365768257,0.07504344655425116,-0.22839410650552316,0.03995962088591617,-0.0609560907330645,-0.17503521353733228,0.15770724260356672,-0.15716282872270876,-0.13154662474079254,0.21559706781087373,-0.08072939896807785,0.23379681406233974,0.10099013265631587,0.03535075538455551,-0.2338259519299028,-0.004231163356229806
64,-0.061542226635637014,0.21594331628515684,0.07514167050995615,-0.07129299305459139,0.16743937173763895,-0.14568688581699413,-0.2416050243013184,0.09624219534994749,0.03434137172094353,0.0010655055971462027,-0.0639062447052022,-0.19747094144880548,-0.07469269679273279,-0.1699781987642821,0.007296037196341808,0.0849217573074441,0.3121889269506573,0.11205232525328922,0.007607280351827509,0.23457796970318476,0.02795424183682803,-0.06998185060587259,-0.11020637404327965,0.07894019527132377,0.029091177161704784,-0.07884969693607778,0.09561622183266384,-0.054922037770318406,-0.14037236063275613,-0.11766952390355725,-0.010410177985495045,0.0558628549688022,-0.18831547355155928,0.04654862181877449,-0.1294386475091662,-0.05373190560350771,0.1772018830928301,0.0414847265928377,-0.1331106439132192,0.00019932623020515094,1.0000000000000002,-0.05850243180235837,-0.0703406299624455,0.09703872675744664,0.014378536464371674,-0.14275167245505632,-0.11668237542777696,0.002762488811082416,-0.29155245011633335,-0.06209261057298366,-0.09239145735085796,-0.02331532616614911,0.09753605110851934,-0.043853454806648665,-0.16613668814716875,0.2065066680043149,0.048163201935316806,0.0006030895534090857,0.08411413168448598,0.07461652686673821,-0.17820839541532374,-0.07331586835425966,-0.14766898678315743,-0.0451060916858439,0.12721200103624303,0.0241812350684243,-0.272440538838292,0.13156041557652468,0.04490665102089032,-0.20921441665981752,-0.04501934838025399,-0.05361791197142777,0.18285964703488994,-0.0233295858334265,-0.22783964023515435,0.11315894977396815,0.20559174001608227,0.022526623154138472,0.12891808819885028,-0.17131327600215354,0.23876058941765044,0.09709671466166668,0.07277419172097156,0.006461824709459302,-0.08235137250313504,-0.05769528240883011,0.08856065528471077
65,0.11184522310795719,0.2508859822520667,-0.20638781346886376,0.25523889826758983,0.02420642099484966,0.004659273732486974,-0.141882278396614,0.12349898645287519,0.005637866524317429,-0.2964173331423684,0.1850898034267214,-0.06686283239972302,-0.09288418868593816,-0.1001814487549913,0.23586352774775415,-0.12851854752259834,-0.14641446472152247,0.13100541020367756,-0.1017047855533855,0.019695440658276248,0.13803988109495513,0.19571947004362705,0.1952005007160599,-0.16277701931434596,0.29470057509457426,0.05144386378422861,-0.04152570929630276,-0.22650894282241335,0.19912291071147123,0.21559739700442554,0.11720687701180652,-0.24399283822231807,-0.12349881540718011,0.17571779009869337,0.06288255355273233,-0.09096539514254659,-0.16097367455436234,-0.12544410285526567,-0.13274989210765145,0.17479473184608213,-0.05850243180235837,0.9999999999999992,-0.33172523619058575,-0.16972992500201547,-0.09485936275281358,-0.13119354270465242,-0.053795009372880426,-0.08173191673544355,0.036921304348649424,-0.1571936141365642,-0.3113123485440817,-0.08895683890065584,-0.08264245312070219,0.20049646141784483,-0.10337769431863816,-0.034379969960293084,-0.03412194524365767,0.19137945283798208,0.11651997383403055,-0.2635015805194359,-0.04227917380313381,0.019323122658119734,0.19820478923535995,-0.3236742082067686,-0.13218467376206725,0.0898050165122877,0.06277915694824308,-0.07295880803471945,-0.09253830589536524,-0.14743236900836457,-0.17324586904351627,0.023196447326939904,-0.0067601785654023885,0.0563473576966713,-0.029506284663770296,0.05725830508344312,-0.17497226631965332,0.15018873877965092,-0.06481758178192235,-0.052258552477910766,-0.05132012597597997,0.10252147657768174,0.03823747201562944,-0.09238586706007362,0.31626148308054947,-0.03194051038055948,-0.1848135812428131
66,-0.11077465103164186,-0.08916708205530276,0.1841934012583079,-0.06289853426097289,0.17730502329809433,0.006312658253065685,0.1936388592932095,-0.10893950033977319,-0.09752451200256529,0.08831471629478722,-0.27632218958754384,-0.11544327070780316,0.23907849268685058,0.25192827566098697,0.09324887520368384,0.08120723087811489,-0.06415007707682363,-0.28934809366594605,0.18615523521609575,0.19620697603213857,-0.3538895703570845,-0.1262508221414884,-0.3318190870001724,0.03576606454171536,-0.013157916478428795,-0.04644751739998893,0.07908700853055596,0.3913012062735663,0.13629129215522395,0.020313170446015594,-0.05051855711045746,0.04791688184521883,-0.01629437197953509,-0.08202450536940549,0.3343230142094595,-0.03104765324196828,-0.0847258474925268,0.07053564480354971,-0.07429050861806975,-0.0444268947697495,-0.0703406299624455,-0.33172523619058575,1.0000000000000002,-0.007486661442429065,-0.06617428247621332,0.04669384720686528,0.10355716022560758,0.23369088737567933,0.026616432469423707,-0.2607083122933376,0.06569974881571833,-0.13367959709950594,-0.06528022417181417,-0.07324668879333039,0.06972330126617704,-0.07493476322026657,0.04230248975969601,-0.07344412473702695,-0.22144477133989912,-0.06514106189224778,0.24281361325879808,0.05993803352688429,0.015647779719252023,0.11712446793228179,0.020492500553224612,-0.31621999019697444,-0.02903178369297287,0.33622828200055765,-0.009733977846830949,0.14315775424663824,0.027028516173582467,-0.12835605830099292,-0.16450218510922598,0.2347678610399492,-0.12785273520264392,-0.12110934627765203,0.19914115816638842,-0.12330251486811783,0.08265481005633621,-0.004066120784674876,-0.13223418365886483,-0.11492712484339161,0.12087173718944019,-0.011015195894632394,-0.21962420821825696,-0.0477908214183556,-0.2938508877281766
67,0.06317909563946884,0.2917223926643543,0.1297070383957569,-0.16215248647942979,-0.04354932693509249,-0.20741643388320358,-0.06258735237155051,0.17622039390916702,0.22154575634508145,0.2618784940676116,-0.1461455704004021,0.23017021446955774,-0.044001671351485416,-0.24603766294267643,0.1575898806543537,-0.17941683774265652,-0.10923244002613768,-0.025049291183666656,-0.05892322718653176,0.3758964244509958,-0.05954478182192553,-0.4219170660691385,-0.005575710751107713,-0.3357602571717361,-0.06484734405939954,-0.06893562223678325,-0.1550821000140675,0.05885062798748379,-0.17185639778110923,-0.327445157005696,-0.10135840835886295,0.15736840853221024,0.18188223388557961,-0.0604335885834721,-0.09935616549287268,0.04616924220057959,0.09964259204509451,0.09884538588221957,-0.18944424881341157,-0.20746689419269582,0.09703872675744664,-0.16972992500201547,-0.007486661442429065,0.9999999999999997,0.11208910825223593,0.1438573643722128,0.1750745165621121,-0.009729175069320958,-0.2274305267499725,0.09901584431889265,0.18320783747248676,-0.07298614773101268,-0.006910376240409077,-0.04111671367138196,0.17291454864766925,0.18784917366077733,-0.14081408044183494,-0.04732729091556367,-0.03247462544814502,0.2280458457194102,-0.2368347874547388,0.16506024363532548,-0.06763928752842402,-0.00920310087329833,-0.06894124226702282,-0.16428018456025378,-0.0928375546362146,0.04220250880154411,0.26962519639005567,0.0989958000127039,0.14372830855540608,0.03934737487973377,0.028797433206249733,0.258052484605089,-0.22230527281395396,0.016749266682059942,0.08213178452117817,0.02089623439127354,-0.11070882834316188,-0.10115212694281941,-0.05829036154048053,-0.07453053094726073,-0.02233642238706704,0.1886595952125761,0.058594075889207765,-0.0010732888171611828,-0.13503266914166878
69,0.028135666574285897,0.1190782728598152,-0.24736985672213185,-0.1280006999284986,0.0875929779922889,0.00012325422306849173,0.19702971525469518,0.04427582266188289,-0.09880065922946683,0.25381632377857194,0.10224293461877929,-0.042886899515927675,-0.1339471122505731,-0.18020484502668974,0.034171318366219686,-0.08494009165214517,-0.21329499520763676,-0.1448892813161845,-0.2405517435057858,-0.16361397455544613,-0.0064243804706298115,-0.006679702326063483,0.047571635203995724,0.03701201264802673,0.06000986929448108,0.019077020644494628,-0.15206778902631427,-0.1901774138485419,-0.2461344214983046,-0.146775308336967,-0.11209485708754023,-0.08799694930450294,-0.13280069958518423,0.07056222073699235,-0.04362952407729324,0.255012710740019,0.0687808577078218,-0.20039175556526698,0.15465218227818983,-0.04788055234343048,0.014378536464371674,-0.09485936275281358,-0.06617428247621332,0.11208910825223593,0.9999999999999998,0.06592424791582992,0.08481947399788146,-0.15707117849674854,0.11391867383103212,0.12411296218162451,-0.10015033728082752,-0.2186809224908298,-0.2599026802787977,0.15036060161525155,0.11539534748636113,-0.17372092337685133,0.06395600572707504,-0.1544918391517401,0.0863085117104323,0.1265640690290407,-0.10939615093727739,0.029715388603935976,-0.10525277645675335,0.0507302070561644,-0.0323381610828067,0.2151703413019684,-0.05993206510630356,0.12261745739245197,0.028947023779473283,0.15301812424542122,0.20006133456868294,0.1662181561857859,-0.04278898139712665,-0.16317349334395947,-0.16440005640299404,0.013421780070123424,-0.13641906322465192,-0.05933508739853334,0.026904058816285433,0.09494417942400957,0.21044999043870702,0.07984054977708695,-0.20756924421473777,0.15192368165083475,0.24636197217948858,-0.11771148584934113,0.1510728815439938
70,0.2379291919739331,0.14024877494557758,-0.030501026610449143,-0.042468777017581116,-0.09339048716259717,-0.2590345454905752,0.002858914440694229,-0.06869380745564904,-0.30718676087698155,0.2298126164669443,0.028913763501016085,0.14974336672455651,0.03661293413324095,-0.22666352538998272,0.05707736522610704,0.20995536080017227,-0.14433967118575547,-0.14843142495679765,0.029128487954784083,0.11607864017124457,-0.1747960624688312,-0.1700609178405729,-0.145282246738922,-0.13517373893625642,0.013723922795140757,0.047980751333738816,-0.14389493632179007,0.15804477129013184,0.009691848298150152,0.038324819978546774,0.10630818636639743,-0.07524732869366332,0.12623153407913298,-0.0015279503523288615,0.037306370514901856,0.000579939984150321,-0.029697054880911563,0.08747809658317122,-0.15014049201898796,-0.01932311067120169,-0.14275167245505632,-0.13119354270465242,0.04669384720686528,0.1438573643722128,0.06592424791582992,0.9999999999999997,0.18920758591005613,-0.03156364561252002,-0.16658764493298137,0.13159841698309607,0.022180423709092345,-0.2700954523426105,0.13532809054704792,-0.2658351883661358,0.19006911373277002,0.18853024190550208,-0.22831228305906634,0.24489680256003352,-0.167594378824686,-0.07617330779220852,0.13198459830732207,0.08058367786061196,0.12103934620723915,0.14738820548070333,-0.015048954294371912,-0.02038931980146548,-0.18603996752136603,0.09451453202196798,0.17024183690567324,0.23707399541631272,0.38656666164839076,-0.3311176754057946,0.21424123817092308,-0.11301453760559495,-0.08600497926268118,0.07912785766510853,0.14290278489483293,0.12684950719094132,0.1659943896589009,-0.049592568403032534,-0.09906994413867827,-0.37049726150523343,-0.15567501227249822,0.20798149697305437,-0.1109175738330993,-0.07593007859470477,-0.06329000125031689
72,0.14559874847995147,0.3032691930764221,0.05379865971508305,-0.0533337381601147,-0.05473507583697526,-0.295609764506062,-0.07984631593625673,0.12797460697264867,0.17065649283335368,0.04661408934648697,0.09551178781300546,-0.0439050432286708,0.0005221424306082822,-0.003988013907245321,0.15461145522845754,-0.05235898848039697,-0.10450910415204122,-0.2743234065397559,-0.0019595395211696232,-0.032240173122469004,-0.04252757882078894,-0.11725665598476558,0.27594518867453577,-0.28594078370787596,-0.05122106164398646,-0.123171673592648,-0.11586089893308907,-0.1211866049321725,0.1791393050035302,0.05142240392984775,-0.17942997172996072,-0.13134337918163366,0.16808302735556305,0.10487218850685165,-0.012392325129078122,-0.17702478055050644,0.012210965613915232,0.05035103862234224,-0.26939624098890863,-0.0048950431498284595,-0.11668237542777696,-0.053795009372880426,0.10355716022560758,0.1750745165621121,0.08481947399788146,0.18920758591005613,0.9999999999999996,0.05492867818305141,-0.15263147806334018,-0.11453083489772978,-0.05092843653714199,-0.08415579887697568,0.05312566744832865,-0.19597418369508485,0.028590571502955332,-0.12534239961233873,-0.05662708303014117,0.2288574143463266,0.19141810545236682,0.1585055145565812,-0.11206568967559413,0.47501872813112583,0.0010808595670387699,0.03844197635791697,-0.11214123604014138,-0.1291811613789003,-0.2812432567220362,0.23045345059050654,-0.0259552636473429,0.3813273450424855,0.36005554982447047,0.23466816537872257,-0.1900682161827019,0.2987539803657269,0.035760923866868764,-0.006438055061245906,-0.22891762264314322,-0.06842127549853123,-0.037742142117365,-0.18602952031989192,-0.19330107601155774,-0.10377895060665712,0.030663096747528623,0.19554033938853108,0.005590243665103745,-0.27149349799591493,0.047406182163735926
74,0.08763501009738012,0.0377083032753486,0.16701029226334538,0.04322098598894314,0.03719714471528939,0.002909226028819967,0.05489053571924914,-0.11087719403609979,-0.1043302104225692,0.06594212865928346,-0.02538367577724074,-0.14213459463248895,0.02820848741847322,0.08010150812166368,-0.07074724229653077,-0.21245252952819182,0.050170347424007035,-0.07579610731042526,-0.11586169748637341,0.21092390746897619,-0.22009891336939474,-0.2696112503460935,-0.23401336348399376,-0.027520477749086045,0.0978108049107803,0.1394989730665509,0.19260542047811707,0.15306614408210764,0.10299190613676419,0.07376673204200901,0.2629699355465065,0.034741696319024705,0.14701818120118357,-0.14176078744143733,0.4516784052687126,-0.043704564334223824,0.04534828723256932,0.16590144947624597,-0.18891974674199818,0.04796737923731581,0.002762488811082416,-0.08173191673544355,0.23369088737567933,-0.009729175069320958,-0.15707117849674854,-0.03156364561252002,0.05492867818305141,1.0,-0.018389523931454984,-0.12847664053759042,0.11499252444750015,-0.20168963312738236,-0.022343051409796824,-0.022679855512549998,-0.10838888330261094,0.0457999321713139,-0.0034979330013948803,0.044707437277440906,-0.3934613112509904,0.006266317483744085,0.15966926654038066,-0.062203459144225745,0.04084483550008787,0.28794029734654764,0.05297450154712986,-0.07565301251418488,0.1168901158002581,0.23245709850131754,-0.09777102175358507,-0.19539962887342843,-0.161040823302096,-0.13079028831344722,-0.30284804990455005,0.21346506625760725,-0.17298080981619254,0.1268633334337507,0.11516097276731664,-0.07401395657796651,-0.17791004630105808,0.1478401301706372,-0.1695139760692432,-0.25487737784020814,-0.07797570143113228,0.010186084351523184,-0.038430689017607794,-0.18233858664258876,-0.3253854396379606
79,-0.13336267016723374,0.039352279745358584,-0.007377367292566897,-0.02213688508514384,-0.24880520809284745,0.27883219757939115,0.28725961623143537,-0.18014450746548527,-0.0823802601247756,-0.026885713659665675,-0.10339248671677728,-0.014794223328248427,0.08283633711117407,0.2623167863620648,-0.12251470869981655,-0.23444297122261992,-0.19581800263611804,-0.02474835520957212,-0.30288052346858735,-0.0799693153375122,0.2133986068141496,0.032672517198231,0.2112379467773629,0.03346912263314642,-0.11416744970418051,0.07556195109022215,0.1749813351041401,-0.10832555705989912,-0.349873100017099,-0.023323814974145207,-0.2291426066631108,-0.10894435318419074,-0.15084632417672023,0.27999893927018715,0.06269581546313654,0.017343883299672586,0.037927105041942605,-0.1951250071912361,0.3411347541768362,0.06665242645806309,-0.29155245011633335,0.036921304348649424,0.026616432469423707,-0.2274305267499725,0.11391867383103212,-0.16658764493298137,-0.15263147806334018,-0.018389523931454984,0.9999999999999999,0.048038772818664366,-0.07292414964650115,0.01881496601651971,-0.19996332795784733,-0.09467239897658804,-0.08199087159527896,-0.47614527853957134,0.15651408016055343,-0.5493088058787188,-0.029741363482318615,0.02069613955402928,0.1873875981020788,-0.1638755579538142,-0.33589415710225,0.020236970811402945,-0.0608759899197027,-0.10428189054203663,0.6395287577657963,-0.03560294373924908,-0.18776762948375053,0.039947649983896445,-0.02833470797539933,0.17166676182484128,0.030388093896041832,-0.16676799199832074,0.25094918443262826,-0.08148483840132416,-0.3649843787485009,-0.18413321387258155,0.16275007761154311,0.2110306959150661,0.17246748491111574,0.1504968451781553,0.23586688442603126,-0.2664695900761933,0.08077712901209906,-0.008079705053297338,0.17676059965046906
80,-0.14884594711109145,-0.07841494365308828,-0.14156926545449067,-0.40885739220835204,0.02335661891078329,-0.0924443327652845,0.06730345730879321,-0.20351597108018127,0.14573897352146917,0.19672891886168142,0.07581751806221049,0.23751046583668067,0.054169139289008704,-0.08227816645145578,-0.3224681799083934,-0.026230716260397673,-0.16668113767969064,0.14064631734888117,-0.2574967380108605,-0.05004664754413517,-0.039655905800389385,0.14086458611062141,-0.09125642884940727,0.05542288152390245,-0.03425663898292439,-0.021827592529945847,-0.38484015021283735,0.09134510578669043,-0.08410292181251267,-0.014639281832965041,0.08149910302663396,0.04805093908142552,0.02161837921511824,0.24941969923962173,0.012841699104091662,-0.09727910167075102,0.06527898114700736,0.07093226094582689,0.34794886312413437,0.18944052194352892,-0.06209261057298366,-0.1571936141365642,-0.2607083122933376,0.09901584431889265,0.12411296218162451,0.13159841698309607,-0.11453083489772978,-0.12847664053759042,0.048038772818664366,0.9999999999999994,0.43487787168212716,0.006550387129004401,0.02299268414489417,0.1279299432912183,-0.11563429577824082,0.1723792756924711,-0.14053703689500224,-0.13892697626045708,-0.08457374987170385,0.13291250033952656,-0.060196419556553235,-0.05313704929740652,0.019935972652681166,0.17313136258540776,-0.1779392754001388,-0.018719399419970216,0.28570174042737845,-0.337138309358836,0.13077033216083503,0.04671364164724707,-0.00196091958760049,0.011765776089684158,0.15568481945201432,-0.03989459510715256,0.1675058157469059,-0.0562845175489995,-0.1570184523317866,-0.1536921538125548,-0.048051264619364105,-0.3113398758943259,0.008868990851658529,-0.07501075726391992,-0.15587192923456067,0.10819140884833442,-0.07084145459933577,-0.10435551879382839,0.25878027192022485
81,-0.13480567133882826,-0.09324095248969842,0.21575941377758812,-0.21644538895345536,0.15796396561354104,-0.14289638920675532,0.17228479754005935,-0.18009209075101112,0.22702638265667477,0.362051775809776,0.0855293830993436,0.19256269313926241,-0.20616221194843928,-0.07068918210367767,-0.34037339583279885,-0.04195286054739957,0.06853346996551209,-0.041418607264744854,-0.11785746288715851,0.06281885436922238,-0.062151370291899474,-0.00036559414023877096,-0.2588879892796084,0.08347400198315699,-0.059061617497464095,0.024691943582756008,-0.22577378858756775,0.24134905316767005,0.10707713973791204,-0.2145867788103673,-0.01440757674566106,0.1327138231829777,-0.026611371627657556,-0.04825378680990574,0.22582926367287964,-0.2884458790180947,-0.04924404788261046,0.266974969245343,0.07018766622766096,-0.06277915053843307,-0.09239145735085796,-0.3113123485440817,0.06569974881571833,0.18320783747248676,-0.10015033728082752,0.022180423709092345,-0.05092843653714199,0.11499252444750015,-0.07292414964650115,0.43487787168212716,0.9999999999999999,0.02695613433170547,0.1473884741594771,-0.02859698796900166,-0.21122307287513203,0.35308284239577875,-0.15228682930786366,-0.005316904407721596,-0.10211816853690996,0.17042184347011954,-0.028098221040994034,0.17986065200215262,0.268030282281007,0.21229492823931315,-0.11124125419532503,-0.13023094459214196,-0.022867120180988288,-0.24019755524265296,0.3038893849522013,0.18898023264814776,0.09142512679160375,-0.06755568242419913,-0.008750847044020361,0.41472870989253363,0.11016185890053987,-0.09162894322012677,0.26246514632020046,-0.18946477302595535,-0.18084825101585975,-0.3872878318391588,-0.26954315121203665,-0.12427425822693612,-0.05536076359732501,0.032019258589009135,-0.03934646558081189,-0.10013292078937064,-0.05676636440389736
82,-0.1630812892395548,-0.2673713593928795,-0.2900715233614134,0.355122047625161,-0.08679484748087003,0.38715848257812635,0.2256616626104816,-0.24003031812641307,0.20745492341489402,-0.0006187396493823123,-0.030960235301281412,-0.039257781761090405,-0.06699555683984303,-0.1444316591865773,0.08043920982647959,0.08500764497332183,0.03487203498002063,0.3240059678884872,0.20394191423159896,-0.253115160107716,0.311390744115951,-0.1136930179889243,0.06902957277609043,0.006110289541607794,0.04937174852600699,-0.11420686309310728,-0.0028045498204909186,0.08183566078961514,0.03160945134918461,-0.2298857961958522,-0.0911478242883858,0.22676843910942684,0.03405728060980488,-0.3663224532575714,-0.007518550010099831,-0.05103904900816347,-0.3118561940447676,0.12924354247930875,0.1560137760137179,0.12492349512289741,-0.02331532616614911,-0.08895683890065584,-0.13367959709950594,-0.07298614773101268,-0.2186809224908298,-0.2700954523426105,-0.08415579887697568,-0.20168963312738236,0.01881496601651971,0.006550387129004401,0.02695613433170547,1.0000000000000002,-0.0046158697403641405,0.07207858165021912,-0.10012003316699708,0.1278412846710004,-0.13600281123947958,0.011273911916599773,0.32110614452153663,0.18550734981158443,0.03604218549730531,-0.18578089669333292,0.11062141621141693,-0.10251678565950227,0.2849789880586516,-0.06719793515388056,0.07125963357608558,-0.050644226390668075,0.06639561446769125,-0.18395324475922706,-0.1978989457255256,0.21539755562806676,-0.10953380973503979,-0.10821277677185649,0.17475904253464505,-0.398000224515498,-0.08528835584783116,-0.2371368638749506,-0.2976967923065507,-0.033723436024531414,0.13343326091740795,-0.013943813398663393,0.0937895787506169,-0.21018209536921564,0.008539168377752308,0.12470526471650706,-0.008972982622262968
83,-0.1797512828792839,-0.23181983636078216,0.008127377958629525,-0.10137795181207196,0.019714086416962578,-0.11481621882546283,-0.15675753784313723,-0.015245786427083501,0.006234828534927154,-0.2257545055087191,-0.15725968913481309,-0.10445110440972863,0.03594328849048141,-0.1083455889372129,-0.027474762722328187,0.227435283636352,0.4076524425898201,-0.1577351957832872,-0.0239977469984038,-0.12118470030561247,-0.028663835308880864,0.27215606849105217,0.06957316667695512,-0.014596665323343885,-0.18635894572594203,-0.07717141209394833,0.11741974889833051,-0.016575391689804157,0.4298293461118364,0.07237439859897597,0.0211982151474413,0.25384417813213783,-0.019982604925579715,0.043673412756049516,-0.08963603375182742,-0.2547379744608467,0.1261083665476282,0.1379662074460064,0.05300166819789034,-0.02433894972502681,0.09753605110851934,-0.08264245312070219,-0.06528022417181417,-0.006910376240409077,-0.2599026802787977,0.13532809054704792,0.05312566744832865,-0.022343051409796824,-0.19996332795784733,0.02299268414489417,0.1473884741594771,-0.0046158697403641405,0.9999999999999996,-0.2944803408711661,-0.13214740764969946,0.16091423790568543,-0.12031651438156564,0.2882621108036925,0.0074743660809487265,-0.3374360830868848,0.29112953999669333,0.20363899776885266,0.20732403017345288,0.17604951039409694,0.03559755731638411,-0.14611091042464502,-0.18376885128518694,-0.19841231541979476,0.14729733784181362,0.10169938292638793,0.13018033882739166,-0.2288447966602344,0.14559841702995727,0.07961838155822758,0.014666250966103933,-0.0036821315276736374,0.3479481532272847,-7.942020299751502e-05,-0.03812271132845104,0.15552171612307658,-0.11138292083521445,-0.10621599820850705,0.04397664244939902,0.0728927938666468,-0.28506711639071297,-0.06463951561569213,-0.08079326026971986
84,-0.27380610152945056,-0.1294298785640768,-0.05416165476867796,-0.083034331730986,0.03795217605598431,-0.025566041635962954,0.06337001886569579,0.27168239759138463,0.13595699993823407,0.030416627720805018,0.17955020933749036,-0.033880541034804236,0.05486022923744711,0.1903990984163478,-0.09295898508765214,-0.1167660978772298,0.003594954423452489,0.14189824365914247,0.14695290323956026,0.02769540360165712,-0.16729261323725103,-0.01656223857362451,-0.22837402289481598,0.1954373642911414,0.14181577238391152,-0.1404275606970496,-0.13995482015765778,0.16899904929169932,-0.09945782454552675,-0.16674760156678337,0.27418769632209417,-0.0037966488369592074,0.16605513004197178,-0.12131022560629308,0.12757756045753818,0.305311442640703,-0.09618324814584649,0.125085665201775,0.1429078535422503,-0.21936305666963787,-0.043853454806648665,0.20049646141784483,-0.07324668879333039,-0.04111671367138196,0.15036060161525155,-0.2658351883661358,-0.19597418369508485,-0.022679855512549998,-0.09467239897658804,0.1279299432912183,-0.02859698796900166,0.07207858165021912,-0.2944803408711661,1.0000000000000002,0.09935580114927704,0.14791828939335375,-0.026880022836556952,0.06525673628070194,-0.2598143102307609,-0.002824203518102991,-0.1983592532198935,-0.1890288763814353,0.17746535833552668,-0.11802605713783827,-0.19452626189072358,-0.08535873194888914,-0.02106488486590973,-0.06738461044458845,0.08881907428493145,-0.11097992338926638,-0.34152013581877466,0.045058767682591434,-0.2712931616894712,0.0034274291788484314,-0.23479342285666047,-0.12667602591279614,0.03996728007571495,-0.022404753153813486,-0.08659078520508114,0.121435614601015,0.10372788010073894,-0.1776261342378291,-0.21579251756258677,-0.13597953045705577,0.09585355529401227,-0.11074515632067428,-0.05620234310759401
85,0.04694769686679119,-0.0752110963125879,0.005990574121874068,0.15855071659656078,-0.09560112912382007,-0.05518978093169777,-0.1635581468270036,0.29875027933150333,-0.10855820717693432,-0.04939416485533027,-0.05765875176187797,0.23498367735277043,-0.02569957197339598,0.2021467679718896,-0.18815134146476645,-0.039876806267171126,0.0232471789274246,-0.0408557869633608,0.12421408071876232,0.15159788986315484,-0.17054066389438957,-0.24452847244236506,-0.04775256625253397,0.007989243844255547,0.02867796604280101,-0.22442327074848117,-0.10128877331871014,0.09152078617256174,-0.17212990340171166,-0.1634775262571245,-0.13627868856831504,0.10089051700137815,0.47089611305299517,-0.15153332293242297,-0.06346091024993333,0.13862355099971693,-0.01372893825021987,0.08984698133266622,-0.10463435387698658,-0.2468388514577928,-0.16613668814716875,-0.10337769431863816,0.06972330126617704,0.17291454864766925,0.11539534748636113,0.19006911373277002,0.028590571502955332,-0.10838888330261094,-0.08199087159527896,-0.11563429577824082,-0.21122307287513203,-0.10012003316699708,-0.13214740764969946,0.09935580114927704,1.0000000000000002,0.0854441597658061,0.007694943495694193,-0.18309279031503525,-0.16558909868345217,0.2571614931618889,-0.03452169325338989,0.04671652040689795,-0.06885827088946933,0.06937400231289724,-0.13892079802185625,-0.19089812385063878,-0.051933988818622136,0.03567716928505802,0.17962410230981984,0.0804218784854967,0.01843597196618179,0.09376225885216045,-0.1464958600991036,-0.15554471545865053,-0.12512047027012704,-0.09623632777377128,0.02949939291977116,-0.06130200329641139,-0.09064972925476213,0.23681960130587726,0.10695655001290949,0.010737467212118466,-0.19010850526409298,0.15180565105437877,-0.29898389291600996,-0.001713867984067835,0.12421587515699392
86,0.029053331596571298,0.03785810464997039,0.035660432164160184,-0.017737151293239554,0.15460801802418972,-0.23607870684056168,0.08375675910780768,-0.08584777202197445,0.1749922883662516,0.17491624962159258,0.16024256200672096,0.15785072987604676,-0.12124743138573077,-0.2269245251560064,0.09100901958371416,-0.10447205708631982,0.09843477553260727,-0.014059872768856804,-0.02712901821595137,0.11559309981498718,-0.23134737880356593,-0.28857486677696187,-0.44881314487142365,-0.024981840945525947,0.14805887409712606,-0.10459715783557959,-0.19704553922214166,0.4323907351101027,0.13053176876829284,-0.30666057393530183,0.04088101533402785,0.13588893824177106,0.08008304776231363,-0.47189383330442525,0.06300894686232764,-0.0579994553902416,0.109744156225706,0.3236520853719915,-0.015002349326581326,0.06725135790485329,0.2065066680043149,-0.034379969960293084,-0.07493476322026657,0.18784917366077733,-0.17372092337685133,0.18853024190550208,-0.12534239961233873,0.0457999321713139,-0.47614527853957134,0.1723792756924711,0.35308284239577875,0.1278412846710004,0.16091423790568543,0.14791828939335375,0.0854441597658061,0.9999999999999996,-0.2352698476481747,0.2460446064331302,-0.08354855298149078,0.10927283373347625,-0.13999435525736828,0.0768855253080848,0.41359680121516446,0.22254904669227837,-0.1432235774592713,0.011927334940861525,-0.16487171469172882,-0.09390862396094544,0.5215501057650597,-0.023884775456216815,-0.03002635323804922,-0.23186903901982403,-0.005529974267331464,0.17347748784461378,-0.30078912119012813,-0.18626942107577096,0.3205185265246834,-2.0310813273472767e-05,-0.21099018276739506,-0.17141287242498843,-0.09975515027014487,-0.17582669519821606,-0.2645008965891795,-0.028892749120463457,0.0042224327572422116,-0.14940735409589442,-0.19016624782966893
89,-0.15902886721506415,-0.110943981330425,0.2564737147866312,-0.05824921978872822,-0.0775781581572109,-0.09844295402031729,0.0008803649310924406,0.25183880633147276,-0.006549685056544088,-0.11882892296277284,0.13182214900625022,-0.13474284850059554,0.06961104072198818,0.2022302232820021,0.05405412899987965,-0.09977570674787949,-0.1502440855525109,-0.13896852521982206,-0.014174261163916945,0.0016440606829272008,-0.04648775013611884,0.0029605615928805446,0.12276458895811705,0.2062577904661947,0.030626599498210144,-0.04797822326891045,0.2111153408720616,0.01897654834567161,-0.24341259789631653,0.11292495172728088,-0.09343430346778514,-0.2750232204540756,-0.1600554840152368,0.09334281612525572,-0.1910818769599926,0.029290122037473124,0.19511354965689837,-0.1564494548491941,-0.09276701226446388,0.05378218412954577,0.048163201935316806,-0.03412194524365767,0.04230248975969601,-0.14081408044183494,0.06395600572707504,-0.22831228305906634,-0.05662708303014117,-0.0034979330013948803,0.15651408016055343,-0.14053703689500224,-0.15228682930786366,-0.13600281123947958,-0.12031651438156564,-0.026880022836556952,0.007694943495694193,-0.2352698476481747,1.0000000000000002,-0.16339039465308852,0.004432401624730705,-0.008681260669522088,-0.21591132754360126,0.27107652226556783,-0.33604434767030184,-0.013139176081052587,0.023155219336094057,-0.07709642110436012,0.04524597225486768,0.06299509647122738,0.031329332740346834,0.07093324602319144,-0.05859692287616063,0.04082638434978962,-0.08451308314439843,0.021498625305502207,-0.10058170115761263,0.30841330207962286,-0.1685820082065787,0.12635954092737028,0.07829514142628335,0.06547720912996631,0.02166740281354819,-0.005509144323588139,0.14603531144377405,-0.173310716954639,-0.008925100937803089,-0.15790702816174054,-0.04929767952507479
90,0.0922552299352765,-0.015020186585611524,-0.0641701484479243,0.07694954507893181,0.14977296608652418,-0.24576555515744483,-0.09232608608319731,0.06317862648900655,0.08850924084313362,0.1234835750159438,0.36970991206893666,-0.12569162872373632,-0.10680084761349147,-0.3227394871420314,0.3313118679012928,0.3437171271003083,-0.008308573615738724,-0.15951526494439106,0.29667881804633955,-0.017196872649609184,-0.12347680319111806,0.05259355797865975,-0.08343368567591,-0.2695781349806622,0.1658426224749431,0.0887244935689748,-0.1048862143189589,0.11704844912415187,0.5134975174483792,0.21719652543390197,0.3540139005193847,-0.004115169494818139,0.005288559572422284,-0.2705051343783014,0.08473437681962492,-0.15601251654804457,-0.18826380715929444,0.2138727059560056,-0.2901516962370359,0.06765901724173864,0.0006030895534090857,0.19137945283798208,-0.07344412473702695,-0.04732729091556367,-0.1544918391517401,0.24489680256003352,0.2288574143463266,0.044707437277440906,-0.5493088058787188,-0.13892697626045708,-0.005316904407721596,0.011273911916599773,0.2882621108036925,0.06525673628070194,-0.18309279031503525,0.2460446064331302,-0.16339039465308852,0.9999999999999999,0.11030162005329461,-0.3421025676425248,-0.01921603492639046,0.21230706178471523,0.47664357767571097,-0.08170380163665651,0.2460318523439747,0.2265974777766654,-0.4517709054279123,-0.15355469323290974,0.07597775869000274,0.1846062236370827,-0.017798727029793602,-0.15084915151001732,0.10912240320012444,0.27944081100325646,-0.3016031027024265,-0.0380651414534238,0.13458390732473588,0.03958252866924356,-0.039558841108165405,-0.16959933230312182,-0.24279238355837604,-0.20010569304616518,-0.17562864046232146,0.09554445158275791,-0.02379633918757918,-0.15581791172839543,-0.2836619910372731
91,0.16187269063573734,0.22095013151860665,-0.11826618845719995,0.2605314598426463,0.11287167956825625,0.060150068268132184,-0.023825505744963303,-0.15875152262564848,0.09229730710205104,0.09141651445682021,0.11001980145295104,-0.13442737676012925,-0.12289255219985439,-0.20683691819865357,0.19889569832272644,0.13125943264072878,-0.16114167615889358,-0.09433707795485965,0.0723197626642904,-0.1664851973465344,0.2676325952328699,0.0537249577577157,0.4689662484951804,-0.036731178742716086,-0.06144191996438296,0.05096855403617329,-0.15182686745352816,-0.2915468087175035,0.005340694481278892,-0.014602693185960032,-0.3897697301218791,0.033419224204193056,-0.328539558185247,-0.03935315060787853,-0.35299572203656615,-0.14384067007912407,-0.16297976553848537,-0.15782813962231523,-0.18744199469221212,0.06625330532102384,0.08411413168448598,0.11651997383403055,-0.22144477133989912,-0.03247462544814502,0.0863085117104323,-0.167594378824686,0.19141810545236682,-0.3934613112509904,-0.029741363482318615,-0.08457374987170385,-0.10211816853690996,0.32110614452153663,0.0074743660809487265,-0.2598143102307609,-0.16558909868345217,-0.08354855298149078,0.004432401624730705,0.11030162005329461,0.9999999999999992,0.012186058505663955,-0.09760634361861713,0.17634588361903022,-0.1871503856646814,-0.14333377262255417,0.17040621955333762,0.266019431295751,-0.03322925459494548,-0.027503032995172347,-0.029891678330795517,0.29963693227704224,0.07813093646217593,0.3150215487923522,0.24334243389743124,0.10625417327078175,0.2811892086111574,-0.07576879689722493,-0.2836887665423292,0.01313132147796846,0.0291242783676706,-0.2316022128978473,-0.013335466110897963,0.4064243365004584,-0.025170910614540843,-0.1696405650582192,0.20384971933754484,0.14657762222717055,0.20960665994434172
92,0.11314801783966201,0.3318866019142204,0.09935066269061427,0.06334879840997758,-0.14471446764423068,-0.03084470147646744,0.057059301056107965,0.2631793919060642,-0.08121957935062331,0.14463588070374866,0.06554618775752205,0.06214981978131563,-0.19103654193656117,0.08160202972830997,-0.30282583583373684,-0.22555376981414782,0.04636707981198891,-0.031687797249007,-0.13892505845128678,0.2612623641226718,-0.01758006374414047,-0.4725480112891117,0.09306843633161256,0.016824065950534726,0.1680007515405102,-0.2072847342529496,-0.014508877996029226,0.04115641672495434,-0.3719615890667556,-0.3168016914037503,-0.30981595937212747,0.04509275647646822,0.2815058528991332,-0.029255555045373118,0.03686107423144259,-0.12663563733954497,0.010381861873903763,0.06431898238628453,-0.1718888480929317,0.05501735443392415,0.07461652686673821,-0.2635015805194359,-0.06514106189224778,0.2280458457194102,0.1265640690290407,-0.07617330779220852,0.1585055145565812,0.006266317483744085,0.02069613955402928,0.13291250033952656,0.17042184347011954,0.18550734981158443,-0.3374360830868848,-0.002824203518102991,0.2571614931618889,0.10927283373347625,-0.008681260669522088,-0.3421025676425248,0.012186058505663955,1.0000000000000002,-0.40529393101880845,0.060209461162063424,-0.2565474629394937,0.031239125405475108,0.0018857753195136572,-0.23071090990838714,-0.010530982508876055,-0.027953973563977278,0.21656087159703738,0.013680668461537154,0.11731110277123191,0.3816676180162495,-0.14252622492361597,0.12239399383928247,-0.04943208192974568,0.007078617413294073,-0.1117412774767002,-0.07486802466097277,-0.274440175001292,-0.1802278763113319,0.15206608211677528,-0.11507404676606889,0.09016002035049951,0.20412462605004553,0.04389429373147547,-0.15926664882626979,0.12224270801704905
93,-0.11566060470466602,-0.39381463064814143,-0.18059380402903558,0.18492851943885216,0.3075780377763779,0.06798187532315379,0.0912642541551886,-0.4271823749879078,-0.11850268708689096,-0.10353948822890119,-0.17193637348213317,0.06103375077539194,0.1124431852844219,0.1403872780899862,-0.1079288140875705,0.11052004436059432,0.02934762503147816,-0.13689070598027495,0.028284687759086817,-0.19865750466342538,0.06600549019924462,0.16781652486712623,-0.12661087000610108,-0.15921345673909135,-0.2976883068216837,0.04233866559830675,0.10788189560554153,0.11644321022172044,0.17975590364965907,0.1873934334555118,0.12486709977718871,0.25098141177230987,0.07517560554283534,0.08608769623363657,0.3346355871398978,-0.019449171215969965,-0.35672680398984247,0.18502588170700457,0.2713379751973767,-0.10755978410416368,-0.17820839541532374,-0.04227917380313381,0.24281361325879808,-0.2368347874547388,-0.10939615093727739,0.13198459830732207,-0.11206568967559413,0.15966926654038066,0.1873875981020788,-0.060196419556553235,-0.028098221040994034,0.03604218549730531,0.29112953999669333,-0.1983592532198935,-0.03452169325338989,-0.13999435525736828,-0.21591132754360126,-0.01921603492639046,-0.09760634361861713,-0.40529393101880845,0.9999999999999996,-0.11399198283569177,0.24890138530768682,0.21102054396656433,0.10328038443393647,-0.15468928759444123,0.2998574074664991,-0.05543797130338971,-0.1440595190240537,-0.03890569200940006,0.05412354441563927,-0.27906079938010564,-0.1009067738119088,-0.01641396566485309,0.25190790859982826,-0.19941918976095857,-0.021590593768011954,-0.09098663148385495,0.11121936759631565,0.19845624202878756,-0.05679359534853083,-0.033998203111473356,-0.015005895486422447,-0.1951441833172631,-0.2957354766379564,0.15635144820739993,-0.30335924823321386
94,0.10597155973475232,0.029682546407591,0.35674453171556003,-0.0760268544920438,-0.13755607261684277,-0.36374883001242925,-0.20915107158765803,0.11940787547819437,0.29282101587691445,-0.03807871137272308,0.20033629376012058,0.10926595277148698,-0.041483521062455876,0.04744631535945226,0.16275986569086776,-0.11338098440325871,-0.06432209950218716,-0.4318474184191125,-0.15144026358966503,0.26373897743480135,-0.22442189406108126,0.0681346934009828,0.15530924560808557,-0.39073201333628776,-0.06240966017074703,-0.08392689039288947,-0.15364302806052596,-0.08880329536349675,0.12784793799470412,-0.06596217665320665,-0.4308919149215458,-0.2505639998459013,0.0632476061842701,0.11298958543126639,-0.2691629533966863,-0.08692821261644076,0.05547978587984619,0.05457886368892411,-0.29806565934459545,-0.10683040127652761,-0.07331586835425966,0.019323122658119734,0.05993803352688429,0.16506024363532548,0.029715388603935976,0.08058367786061196,0.47501872813112583,-0.062203459144225745,-0.1638755579538142,-0.05313704929740652,0.17986065200215262,-0.18578089669333292,0.20363899776885266,-0.1890288763814353,0.04671652040689795,0.0768855253080848,0.27107652226556783,0.21230706178471523,0.17634588361903022,0.060209461162063424,-0.11399198283569177,0.9999999999999999,0.05534096132748372,0.10443154743054163,-0.12424589265548998,-0.08746967391052474,-0.3205956141112542,-0.11656033065252785,0.3204982705288943,0.38767817566089635,0.17020780252134146,0.197457287913697,0.03601790709349518,0.46697601704594327,0.028599051183301222,0.17661632723988097,0.017316775176551023,-0.10928388158098949,0.03956803871819476,-0.3565093572709779,-0.3008362334390102,0.06891118584970055,0.03852495401507484,0.11076626895796902,-0.05094958748182782,-0.055057860046395506,0.010876547307663697
95,-0.15905055050201367,-0.1625722526413112,-0.26963283685883244,0.07170794377268784,0.35074406353975934,0.008195331897518946,-0.10523137679606212,-0.14893644537575365,0.23159525639845446,-0.005824747054206871,0.2388496378790286,-0.031228473944291103,-0.058063033531881705,-0.3032757164736586,0.08996700739942766,0.058020923078489245,0.046400358192160776,-0.010752796918057132,0.16374794004522758,-0.18192490913550227,-0.10010465188589432,0.15866803436978588,-0.32564344303340487,-0.10657776668417913,0.16742279907445742,0.03986814063273126,-0.20262354778591848,0.09815347479546635,0.5505327213248652,0.04478921172859003,0.2027406735835126,0.1295851565610386,0.23545329120344186,-0.2686945742154191,0.24899939208946295,0.059997536519004656,-0.31669851794137927,0.1845666276125681,0.02964560468730164,0.10400424148701917,-0.14766898678315743,0.19820478923535995,0.015647779719252023,-0.06763928752842402,-0.10525277645675335,0.12103934620723915,0.0010808595670387699,0.04084483550008787,-0.33589415710225,0.019935972652681166,0.268030282281007,0.11062141621141693,0.20732403017345288,0.17746535833552668,-0.06885827088946933,0.41359680121516446,-0.33604434767030184,0.47664357767571097,-0.1871503856646814,-0.2565474629394937,0.24890138530768682,0.05534096132748372,0.9999999999999997,0.10326602319410105,-0.03670645725754761,-0.019510024688662392,-0.174954491983582,-0.2066948334208775,0.17663904533667185,-0.1428076926584705,-0.06695358551115224,-0.25988655033044594,-0.0044597697197431615,0.10727615451145209,-0.036613911681806936,-0.16721710586931435,0.36157101099774414,-0.13066282826960196,-0.055799434440787166,-0.14000358763830503,-0.11844780769047776,-0.10185259907545148,-0.2000458376658598,-0.09933501439941748,-0.06328482700822397,-0.21928617796794803,-0.3750352386661104
97,-0.1158297534066771,-0.07025792491933178,0.2005712823865899,-0.15673218990751467,0.09936919224715489,0.04258644710212237,-0.007770750650069169,-0.08041284347181236,-0.0006762764691514609,-0.12829513229653208,-0.19151766200270615,0.17689886988620165,0.17609599153510144,-0.04135776820733537,-0.2799804099708516,0.06400185201386394,0.12811498181966555,-0.155031735001613,-0.057597341629893474,-0.07858533017081605,-0.2725425831776297,-0.04552898664577971,-0.07705016596781611,0.04202205854450459,-0.25808333233551534,-0.13853068703845975,-0.10547978749100657,0.2819659895194082,0.1065144852014629,-0.054678947387458626,-0.16516574128387623,0.06098528566901262,0.058395731139711145,-0.13922662904931193,-0.08968374922947227,0.20869872972025055,0.10244952725516711,0.22599012444768707,-0.010216724188939954,-0.08745862383463184,-0.0451060916858439,-0.3236742082067686,0.11712446793228179,-0.00920310087329833,0.0507302070561644,0.14738820548070333,0.03844197635791697,0.28794029734654764,0.020236970811402945,0.17313136258540776,0.21229492823931315,-0.10251678565950227,0.17604951039409694,-0.11802605713783827,0.06937400231289724,0.22254904669227837,-0.013139176081052587,-0.08170380163665651,-0.14333377262255417,0.031239125405475108,0.21102054396656433,0.10443154743054163,0.10326602319410105,1.0000000000000004,-0.2550829554028685,-0.10173693703676105,0.1507590671472125,0.06788726724321797,0.38989579088278953,0.1829770434599012,-0.03122987923188887,-0.34921305809226433,-0.10484743862523102,0.03535287704563794,-0.09377121785681472,0.008173643278012739,0.22255084761575133,-0.17679821507503482,-0.20734313881867264,0.1459385389823468,0.0054027112333789205,-0.10394662086094296,-0.23407488345118752,0.10502104775089022,-0.21297814561580816,-0.12901465766877335,-0.05270051895534264
99,0.0054290927970826195,-0.10978302421081415,-0.18310289518702327,0.47783827487442065,0.1803148837307972,0.14387563840866122,0.11604447055350228,-0.1753678829897722,-0.18363720499467132,0.1319075415336239,0.17295370535468949,-0.10985248573297866,-0.061070985599660794,-0.2585500366832737,0.051233240578602623,0.22166343143873327,-0.046711045379297676,0.006349362831621524,0.19131038233763814,-0.010557574724162994,0.14795981456514948,0.006654844186924625,-0.08258166761214022,0.01044399797940557,-0.017523436980729244,0.151162631908614,0.16945402891975225,-0.06527013963831577,0.06883491891108341,0.08320291316775508,0.20190649927948917,-0.0991610659862468,-0.06188964576671897,-0.2220527341773054,0.11213681010218603,-0.21951434659933056,-0.17929846865407312,0.011728028389191372,-0.08979092860682647,-0.00030709097326916404,0.12721200103624303,-0.13218467376206725,0.020492500553224612,-0.06894124226702282,-0.0323381610828067,-0.015048954294371912,-0.11214123604014138,0.05297450154712986,-0.0608759899197027,-0.1779392754001388,-0.11124125419532503,0.2849789880586516,0.03559755731638411,-0.19452626189072358,-0.13892079802185625,-0.1432235774592713,0.023155219336094057,0.2460318523439747,0.17040621955333762,0.0018857753195136572,0.10328038443393647,-0.12424589265548998,-0.03670645725754761,-0.2550829554028685,1.0000000000000002,0.09775536067455284,0.0030251382523060625,0.0384256369961268,-0.30317791676820566,-0.253627025571856,-0.06731229935388958,0.1090289669164603,0.19886312712017834,0.0031132724282742943,0.03680906982316338,-0.1789195568428818,-0.16327160217119677,0.06272432945908572,0.14407256540166538,0.032962386196403216,-0.11298571519502447,0.09448376257106403,0.0029304335595463325,-0.07354804032303089,0.032577837222896755,0.06229451219287791,-0.11654030918178351
101,0.22286283706778032,-0.00020327847915981007,-0.2825740518899283,0.0014933671682321836,-0.03136974857263341,0.02074686423515761,-0.02083946433958513,-0.26044151091715423,0.0424988211030618,-0.0632122720570726,0.26823876416089387,-0.05780461451005758,-0.20783538810171712,-0.21711021860604054,0.2604374352812621,0.19550979019698025,-0.1546159743963443,0.1506323792835239,-0.036749269803320855,-0.3512992527432952,0.1608335801325052,0.16741138377537257,0.05841842813583832,-0.12318443292326642,-0.06752399512609829,0.1616797658014578,0.005278561467398296,-0.29133928130821907,0.012157299204709912,0.22106575566410555,0.13505099147474633,-0.056047906853482994,-0.22152058257300533,-0.1318057864963525,-0.3329986404335977,0.12710580189154902,0.10302095564665463,-0.25321731337462766,-0.016565063019942785,0.24096405576980703,0.0241812350684243,0.0898050165122877,-0.31621999019697444,-0.16428018456025378,0.2151703413019684,-0.02038931980146548,-0.1291811613789003,-0.07565301251418488,-0.10428189054203663,-0.018719399419970216,-0.13023094459214196,-0.06719793515388056,-0.14611091042464502,-0.08535873194888914,-0.19089812385063878,0.011927334940861525,-0.07709642110436012,0.2265974777766654,0.266019431295751,-0.23071090990838714,-0.15468928759444123,-0.08746967391052474,-0.019510024688662392,-0.10173693703676105,0.09775536067455284,1.0000000000000007,0.018642345811974527,-0.0544458714873858,-0.30767384187206626,-0.03524295249211991,-0.0557259259537256,0.0498996798631021,0.20105170834203817,-0.25809439394691364,0.16399974063183909,-0.06999435869068807,-0.082697695029166,0.17979015156569622,0.0877885370565414,-0.009479696374331546,0.07127849716106624,0.3766238021823517,-0.042981947672751854,-0.10486419810162717,0.33096015446447846,0.13111524925449056,0.21020766526815654
102,-0.17966769412884906,0.005019066354036186,-0.15192472680010963,-0.054040498117464704,0.008555426806145065,0.16880157993008946,0.2597935482118032,-0.3986520695769568,-0.10007239652714857,-0.07960596568119592,-0.11266496955166189,0.056311602303274325,0.2332055021257957,0.21543095006120114,-0.1820810122692093,-0.1973971365348764,-0.3077525895089917,0.0156619830055805,-0.2965554254511192,-0.15191467044845686,0.14594394162710694,-0.03434135850993179,-0.012322535267615627,0.044386489922004606,-0.13791121199489798,-0.09283331222747107,-0.006995742052924635,0.05850527864957633,-0.26320072909774167,0.10834552518826497,0.06682682245699902,-0.02165487168291648,-0.006263793198724286,0.16490073632758967,0.11347308775009579,-0.02490787136695599,-0.0002783737004398016,-0.040144192500639754,0.33511007444444735,0.21836011614480122,-0.272440538838292,0.06277915694824308,-0.02903178369297287,-0.0928375546362146,-0.05993206510630356,-0.18603996752136603,-0.2812432567220362,0.1168901158002581,0.6395287577657963,0.28570174042737845,-0.022867120180988288,0.07125963357608558,-0.18376885128518694,-0.02106488486590973,-0.051933988818622136,-0.16487171469172882,0.04524597225486768,-0.4517709054279123,-0.03322925459494548,-0.010530982508876055,0.2998574074664991,-0.3205956141112542,-0.174954491983582,0.1507590671472125,0.0030251382523060625,0.018642345811974527,0.9999999999999999,-0.05199904056936888,-0.2194909286512143,-0.2098870477772027,-0.19735989145036603,0.062460220218062155,0.06298925320930894,-0.14048117601501667,0.27951363121577494,-0.23754310485335697,-0.4344735836263047,0.023684161855495343,0.09630999006487949,0.18459757524129267,0.20023235537249917,0.17546572250421155,0.08588382217512225,-0.3406608512594093,0.07419797930095576,0.011687534575040001,-0.010975962325719835
103,0.08058624955508686,0.11147217945316373,-0.07918006770990224,0.20515595754634142,0.10652748916375541,0.25028876907918235,0.0940145642230787,-0.0583068896026916,-0.25752376720333214,0.12215537156846562,0.004113056388865646,-0.19505991284922833,0.06777992935213249,-0.10986129333678038,0.1539995153053357,0.1553570696984117,0.027683433792906068,-0.05774262052098155,0.19206537815513297,0.036022730798022436,-0.06727285999991464,-0.2702522874399167,0.027879067238988472,0.08640963431961306,-0.007094018280879176,-0.19894506616969584,0.10049617870975762,-0.025599878593698083,-0.042417426835696825,-0.22235845279849645,0.10599750619381326,-0.18154078254034506,-0.1607340754755408,-0.12419254204224024,0.11342311531826918,0.16138973699942832,0.05867714666466021,-0.2162153712564631,-0.2731292544312197,-0.09443453583899478,0.13156041557652468,-0.07295880803471945,0.33622828200055765,0.04220250880154411,0.12261745739245197,0.09451453202196798,0.23045345059050654,0.23245709850131754,-0.03560294373924908,-0.337138309358836,-0.24019755524265296,-0.050644226390668075,-0.19841231541979476,-0.06738461044458845,0.03567716928505802,-0.09390862396094544,0.06299509647122738,-0.15355469323290974,-0.027503032995172347,-0.027953973563977278,-0.05543797130338971,-0.11656033065252785,-0.2066948334208775,0.06788726724321797,0.0384256369961268,-0.0544458714873858,-0.05199904056936888,1.0000000000000004,-0.18648774933155557,-0.0503685176367957,-0.03884475051013114,-0.21735245657883967,-0.09905861229307329,-0.12115610187562194,-0.01321600559482189,0.1256427318181716,-0.021518551397053144,0.1798356800412154,0.013624707052536968,0.06548413674610223,-0.04303338076661369,-0.018631654429373305,-0.1347288411488732,-0.08207773591953917,0.04048423698505389,0.10574078393545788,-0.019894154257013377
104,0.025173182995700545,0.03908101210094813,0.2783290537516087,-0.13749512584886808,-0.1771244009606323,-0.07191666802043543,-0.07388931098238996,0.16247744628587077,0.12027821635727537,0.012487823597556293,-0.06859639925142678,0.1619153052850777,-0.0728725262571769,-0.035971083250682864,-0.06083026175007659,-0.03364607887836942,0.12680308186266273,-0.07173091820455588,0.0024244685740812755,0.21980866905417584,-0.3333977500877868,-0.14771806633116005,-0.1889347211326342,-0.004685642280946829,0.025753008333000232,-0.37481763936934503,-0.33019461981626663,0.38095183486270223,0.01365374902679618,-0.2908050591542646,-0.21880198892221484,0.18837698651638932,0.2576934851560405,-0.1463474413047689,-0.07147072577010509,0.14984518073422218,0.08862565009017105,0.39143945352500165,-0.039820288153472716,-0.13214223053018367,0.04490665102089032,-0.09253830589536524,-0.009733977846830949,0.26962519639005567,0.028947023779473283,0.17024183690567324,-0.0259552636473429,-0.09777102175358507,-0.18776762948375053,0.13077033216083503,0.3038893849522013,0.06639561446769125,0.14729733784181362,0.08881907428493145,0.17962410230981984,0.5215501057650597,0.031329332740346834,0.07597775869000274,-0.029891678330795517,0.21656087159703738,-0.1440595190240537,0.3204982705288943,0.17663904533667185,0.38989579088278953,-0.30317791676820566,-0.30767384187206626,-0.2194909286512143,-0.18648774933155557,0.9999999999999997,0.31822150922332104,-0.06976988834281195,-0.2099474123648948,-0.00586907620980262,0.22855828685314902,-0.25310148282724526,0.1158305561614297,0.34873611511023667,-0.17663264626878367,-0.2202036307897525,-0.15616179442354208,0.02627171277201327,-0.28364596362544214,-0.31693468321817625,0.10171745133477789,-0.31596998315466984,-0.16936308464066063,-0.0931365549703985
105,0.12147705311480099,0.08408783235100999,0.23486055556744373,-0.22856784272860617,-0.09047694804120561,-0.2163054850877739,0.10556910846006261,0.07094607317995,0.08241139962808562,0.1814732958708443,0.003569877119613896,0.0168826886223688,-0.08992763474001114,0.15076003882766406,0.1552799590524096,0.198149839546501,-0.06525561755922818,-0.28798206028577833,0.06000276606549336,0.15255565774390661,-0.2851338574061733,0.036836820098246924,0.2845464355037163,-0.03306051378647872,0.0008467503453708912,-0.049154309619028454,-0.27880813544382055,0.17271660416218967,0.16320589728914725,0.025117217396654547,-0.24011949537439498,0.029483282222506145,-0.03298747121194253,0.12023705523117313,-0.11769154276646111,-0.11662489911930811,-0.07644976607413254,0.12052759010699858,-0.16677251439418897,-0.22331789886777725,-0.20921441665981752,-0.14743236900836457,0.14315775424663824,0.0989958000127039,0.15301812424542122,0.23707399541631272,0.3813273450424855,-0.19539962887342843,0.039947649983896445,0.04671364164724707,0.18898023264814776,-0.18395324475922706,0.10169938292638793,-0.11097992338926638,0.0804218784854967,-0.023884775456216815,0.07093324602319144,0.1846062236370827,0.29963693227704224,0.013680668461537154,-0.03890569200940006,0.38767817566089635,-0.1428076926584705,0.1829770434599012,-0.253627025571856,-0.03524295249211991,-0.2098870477772027,-0.0503685176367957,0.31822150922332104,1.0000000000000002,0.25341728135761044,-0.10078486101135153,0.023647201331688638,0.33262596633861347,-0.10108232199613072,0.03255839592406245,-0.06198901682376868,-0.06397044385807883,0.012803696136673131,-0.21197347496332095,-0.22574487063740006,-0.09556127725501716,-0.15012522838018788,0.01715060741023484,-0.18170642930869296,-0.16905703954619872,-0.057303240294543124
106,0.11118030786939391,0.23569177414376585,0.009685122768320056,-0.18426983316419113,0.09864018432142867,-0.3442171920527866,0.09764061473200913,-0.06814049155238806,0.04819022532860687,0.19697472677771138,-0.014103358267903862,0.13665169900912905,-0.05862635538063663,-0.2155621644617735,-0.03780976290292162,-0.2658182492882571,0.1160016647576115,-0.22809394271884112,-0.2683040567541005,0.11254507293014526,0.11132197357365471,-0.22301426116152412,0.17453740855008099,-0.06383960735943608,-0.037766053441151984,0.10423940259324002,0.2216969454361703,-0.09942281010244604,-0.12667984128692406,-0.16288171890912523,-0.1783796305239145,0.16118320793903917,-0.020044978345259735,0.09683795155052596,-0.045492332298635446,-0.34750317201899283,0.217532820049785,-0.11672240705450838,-0.13681843853692302,-0.13318508352906672,-0.04501934838025399,-0.17324586904351627,0.027028516173582467,0.14372830855540608,0.20006133456868294,0.38656666164839076,0.36005554982447047,-0.161040823302096,-0.02833470797539933,-0.00196091958760049,0.09142512679160375,-0.1978989457255256,0.13018033882739166,-0.34152013581877466,0.01843597196618179,-0.03002635323804922,-0.05859692287616063,-0.017798727029793602,0.07813093646217593,0.11731110277123191,0.05412354441563927,0.17020780252134146,-0.06695358551115224,-0.03122987923188887,-0.06731229935388958,-0.0557259259537256,-0.19735989145036603,-0.03884475051013114,-0.06976988834281195,0.25341728135761044,1.0000000000000007,0.021368620563248553,0.01896153977633753,0.034715685791827156,-0.08237929689310138,-0.007774401307414764,-0.008643604966990622,0.13734387219916272,0.07923008611023016,-0.03258252032519141,-0.04898474620649031,-0.07133321324022812,0.15677659812024608,0.14669586835219398,0.17054348580770828,-0.1821563183769459,0.08005372104972512
108,-0.0797013480815892,0.20729925094921667,0.001542155431121147,0.13842508964147499,-0.28992144262403413,-0.07040161184900116,0.13410810135839735,0.1250160999720308,0.14047339985638924,0.08447420293346243,0.061582915105029515,-0.17576191484440887,-0.19536627064651846,0.130874392842964,-0.04478157603580311,-0.3837688518445018,-0.24521197295599423,-0.10361545698446761,-0.1263600954954803,-0.0219309786176401,0.41249015474557965,-0.047919903133930415,0.258664495114736,-0.022254729855022203,-0.028851036381849843,0.011808307166910486,0.05387719652724492,-0.22749971465797023,-0.2598642274071773,-0.05025208048901536,-0.23062026686013087,-0.07090971412250824,0.062002672594711865,-0.022432969521176162,-0.09455163377439868,-0.13940782125722784,-0.03045144252238191,-0.038122129048232166,0.08394518541901781,0.005820362365768257,-0.05361791197142777,0.023196447326939904,-0.12835605830099292,0.03934737487973377,0.1662181561857859,-0.3311176754057946,0.23466816537872257,-0.13079028831344722,0.17166676182484128,0.011765776089684158,-0.06755568242419913,0.21539755562806676,-0.2288447966602344,0.045058767682591434,0.09376225885216045,-0.23186903901982403,0.04082638434978962,-0.15084915151001732,0.3150215487923522,0.3816676180162495,-0.27906079938010564,0.197457287913697,-0.25988655033044594,-0.34921305809226433,0.1090289669164603,0.0498996798631021,0.062460220218062155,-0.21735245657883967,-0.2099474123648948,-0.10078486101135153,0.021368620563248553,1.0000000000000002,-0.006528084771197411,0.15517834049660253,0.2529129096902766,-0.2522010101231384,-0.32163831270754584,-0.2336932619750013,-0.09598922359695103,-0.08940538954223534,0.06051114504742818,0.2811383957332432,0.2299574246754723,-0.06062748851801307,0.2922499302063222,0.037823030079811346,0.2769549151317454
109,-0.09976044991513734,0.08704319240208583,0.016243191554115466,-0.09981959687759773,-0.05047701007223252,0.06494008009357029,0.03492844613073787,-0.23086875324500608,-0.04067701432783988,0.164799352491817,0.09976757941500666,-0.20695552457347818,0.013834431330187339,-0.14163147242140048,0.061352652573678446,0.17923199467164455,-0.0769749740068544,-0.18074909494788652,-0.21508487905217918,0.04133899122957036,0.14796288508581953,0.1480069727010082,0.12719218276307737,0.07188607511627872,0.146394697419868,0.13547308550213033,-0.06622580351132196,-0.15861641935719942,-0.0060148705872502695,-0.03334851074398578,0.01163644369224287,-0.0997924077423657,-0.09389099227182689,0.06468850562100069,-0.20630966342326187,-0.1366819931995031,0.07372302307427511,0.050310015700997836,-0.04203548088783091,0.07504344655425116,0.18285964703488994,-0.0067601785654023885,-0.16450218510922598,0.028797433206249733,-0.04278898139712665,0.21424123817092308,-0.1900682161827019,-0.30284804990455005,0.030388093896041832,0.15568481945201432,-0.008750847044020361,-0.10953380973503979,0.14559841702995727,-0.2712931616894712,-0.1464958600991036,-0.005529974267331464,-0.08451308314439843,0.10912240320012444,0.24334243389743124,-0.14252622492361597,-0.1009067738119088,0.03601790709349518,-0.0044597697197431615,-0.10484743862523102,0.19886312712017834,0.20105170834203817,0.06298925320930894,-0.09905861229307329,-0.00586907620980262,0.023647201331688638,0.01896153977633753,-0.006528084771197411,1.0,0.030994243915324467,0.15682147211289724,0.029459886939643354,-0.032983295252739485,0.06292093856233767,0.24323622393746658,-0.13126653777899824,0.16668512964145288,0.2214969401798591,-0.08322943496583951,-0.08879684044023747,-0.15423942037732086,-0.027538107569115747,0.14250711647477768
110,-0.08906667125319291,0.05907415742990955,0.3741401418512363,-0.05279910050196053,0.24846962679810405,-0.33263712176925614,0.14417397550989372,-0.051401129822024355,0.2852182504177055,0.3187656787818636,0.11670154361059072,-0.15316253249895725,-0.01938005033296721,0.20560742162929802,0.014326585020919443,-0.11452514645018741,-0.08226799168611622,-0.4816042538303043,-0.10741099893374952,0.3482428756702832,-0.19829490281395032,-0.10138664961056813,-0.10423633481752169,-0.20454545779881206,0.142184259765127,0.18459705380227884,-0.11161666040541078,0.22885150440798546,0.1708717267672746,-0.04076619008244369,-0.03016571484943324,-0.20661854067375646,0.01607344446306924,-0.018355578783119948,0.28725723964724514,-0.3195245819729551,-0.184764558689324,0.48288711122406014,-0.24405404873530107,-0.22839410650552316,-0.0233295858334265,0.0563473576966713,0.2347678610399492,0.258052484605089,-0.16317349334395947,-0.11301453760559495,0.2987539803657269,0.21346506625760725,-0.16676799199832074,-0.03989459510715256,0.41472870989253363,-0.10821277677185649,0.07961838155822758,0.0034274291788484314,-0.15554471545865053,0.17347748784461378,0.021498625305502207,0.27944081100325646,0.10625417327078175,0.12239399383928247,-0.01641396566485309,0.46697601704594327,0.10727615451145209,0.03535287704563794,0.0031132724282742943,-0.25809439394691364,-0.14048117601501667,-0.12115610187562194,0.22855828685314902,0.33262596633861347,0.034715685791827156,0.15517834049660253,0.030994243915324467,0.9999999999999998,-0.20008955788111285,-0.04904867746467368,0.007271108368421915,-0.21422961747283875,-0.1576050314074863,-0.26186657669305735,-0.3313778696263549,-0.08513800193398981,0.007151934878548899,-0.0639012482975036,-0.02025422788029442,-0.14795537849395213,-0.33427487809233514
111,0.05746886345091624,-0.17916726869752805,-0.045110301677820645,0.1826656906416355,-0.034473082783548145,0.15887539242847343,0.005094296259959489,-0.32783529970523007,0.01657072325649447,-0.16500315662968895,0.04606742421165001,-0.029434967624783853,0.009944739146038203,0.06498914116470969,-0.2806717151122456,0.09100079878656989,-0.10882965099672662,0.18327225193409297,0.05176195222904425,-0.2890029933251743,0.3344566284320555,0.3541431498075551,0.18193612493542224,0.05902493084852534,-0.32222615746047933,-0.04574368557469,-0.19371242779699308,-0.31387868061298524,0.0779680526461291,0.1712567163679928,-0.10643532156146861,-0.02711250285596221,0.015481534359450669,0.1523573178142596,-0.1842051642203275,-0.08002318348676818,-0.23098720429993025,-0.07627890843276115,0.14776650042352932,0.03995962088591617,-0.22783964023515435,-0.029506284663770296,-0.12785273520264392,-0.22230527281395396,-0.16440005640299404,-0.08600497926268118,0.035760923866868764,-0.17298080981619254,0.25094918443262826,0.1675058157469059,0.11016185890053987,0.17475904253464505,0.014666250966103933,-0.23479342285666047,-0.12512047027012704,-0.30078912119012813,-0.10058170115761263,-0.3016031027024265,0.2811892086111574,-0.04943208192974568,0.25190790859982826,0.028599051183301222,-0.036613911681806936,-0.09377121785681472,0.03680906982316338,0.16399974063183909,0.27951363121577494,-0.01321600559482189,-0.25310148282724526,-0.10108232199613072,-0.08237929689310138,0.2529129096902766,0.15682147211289724,-0.20008955788111285,0.9999999999999991,-0.12840309081156628,-0.17150738351466221,-0.06814682886795925,0.14252123896949057,-0.17948743065337838,-0.0578671051202945,0.2851535619839851,0.0803478516504794,-0.2565497551943395,-0.09976842248298903,0.3142474996112782,0.25133343543198616
113,0.31920888792243074,0.15562136130476237,0.26799415311853375,-0.12195594398814358,-0.07661504582960108,-0.07730008837870421,-0.3435528962952763,0.2504769012976463,-0.2621038891757439,-0.12756125074736502,-0.009214030463938564,0.05276960239327518,0.09173375452464379,-0.07313131374581316,-0.01984700187847483,0.10022769021416876,-0.01828300972626551,0.004684922254534119,-0.10228308989682543,0.18669738775857347,-0.24005487186956195,-0.011678181617947906,0.14287713699188,0.0004026129533703987,0.030684975674747768,0.03212546669292975,-0.04024963508032671,-0.22416405968240108,-0.08646103675710341,0.15609868287496922,-0.18805174776408307,-0.1430409310690008,-0.07400065695674697,0.34896832619101964,-0.29671269828397306,0.21991032195339666,0.3088000844421791,-0.23919327369795254,-0.30175909373355797,-0.0609560907330645,0.11315894977396815,0.05725830508344312,-0.12110934627765203,0.016749266682059942,0.013421780070123424,0.07912785766510853,-0.006438055061245906,0.1268633334337507,-0.08148483840132416,-0.0562845175489995,-0.09162894322012677,-0.398000224515498,-0.0036821315276736374,-0.12667602591279614,-0.09623632777377128,-0.18626942107577096,0.30841330207962286,-0.0380651414534238,-0.07576879689722493,0.007078617413294073,-0.19941918976095857,0.17661632723988097,-0.16721710586931435,0.008173643278012739,-0.1789195568428818,-0.06999435869068807,-0.23754310485335697,0.1256427318181716,0.1158305561614297,0.03255839592406245,-0.007774401307414764,-0.2522010101231384,0.029459886939643354,-0.04904867746467368,-0.12840309081156628,0.9999999999999997,0.06419500738395466,0.2686341106761484,0.21403265965279503,-0.03268966514911394,-0.1927105965774434,-0.09724937014930524,-0.06220094204710522,0.23338068295615877,0.011978107704552664,0.08122144222079247,0.08747627992129549
114,-0.10369455128914952,-0.19308607652453838,0.1904514807598558,-0.14368944050244048,-0.024833254596507932,0.048181694233001095,-0.2507466645832103,0.07893324433634884,0.0447890396315376,-0.030167134019128617,-0.17146727912024606,-0.08140228359740835,-0.17482414027940713,-0.11189422690948692,-0.07459156301310703,0.1738923992141536,0.4877137461790564,0.07997348521357306,0.2545369883747027,0.15832976132973045,-0.24574843591299078,0.15711457983907656,-0.2583402557793173,0.09628591316998013,-0.026953985785773207,0.03315254524886217,0.12881695405310895,0.12754321883259273,0.2343207385379772,-0.09495260037199825,0.06155167610446995,0.2935584322503116,-0.08603304968576149,-0.18786222032830888,0.006921511136904389,0.15826735536032727,0.061972998885716564,0.023459551212862098,-0.060261039725495395,-0.17503521353733228,0.20559174001608227,-0.17497226631965332,0.19914115816638842,0.08213178452117817,-0.13641906322465192,0.14290278489483293,-0.22891762264314322,0.11516097276731664,-0.3649843787485009,-0.1570184523317866,0.26246514632020046,-0.08528835584783116,0.3479481532272847,0.03996728007571495,0.02949939291977116,0.3205185265246834,-0.1685820082065787,0.13458390732473588,-0.2836887665423292,-0.1117412774767002,-0.021590593768011954,0.017316775176551023,0.36157101099774414,0.22255084761575133,-0.16327160217119677,-0.082697695029166,-0.4344735836263047,-0.021518551397053144,0.34873611511023667,-0.06198901682376868,-0.008643604966990622,-0.32163831270754584,-0.032983295252739485,0.007271108368421915,-0.17150738351466221,0.06419500738395466,1.0000000000000004,-0.08660090170553998,-0.08857456338724858,-0.020398444368025362,-0.1429034010624902,-0.11673667533855546,-0.12935362275793033,0.059791675265599996,-0.10903596948584457,0.055000009286637154,-0.1911784992336591
115,0.20540149197149268,0.10928780357366226,0.0226629466268758,0.09027482259878411,-0.06484827075872032,-0.18645655729257823,0.03546995228482012,0.06324041289190747,-0.11851341120733713,-0.08244003947762274,0.0755934730724638,0.03052766861682763,0.1463547036694572,-0.16822318704327519,0.11768652114925325,0.05159275006030292,-0.08593878396566813,0.053477019299365484,0.09651912324913577,-0.12549778128019332,0.06441333146519879,-0.1326074881679992,0.10664009201616993,0.07163688934937902,0.036058714371394386,-0.11597502297803461,0.23654939351726567,-0.09642912834355861,-0.10850114884172622,0.0215546352736173,0.11544926851498968,-0.1607089644601539,-0.18362946988842652,0.2075983972185327,-0.19365535620331195,-0.02843087967329847,0.21213903104073958,-0.4591701381475769,-0.3414240374593594,0.15770724260356672,0.022526623154138472,0.15018873877965092,-0.12330251486811783,0.02089623439127354,-0.05933508739853334,0.12684950719094132,-0.06842127549853123,-0.07401395657796651,-0.18413321387258155,-0.1536921538125548,-0.18946477302595535,-0.2371368638749506,-7.942020299751502e-05,-0.022404753153813486,-0.06130200329641139,-2.0310813273472767e-05,0.12635954092737028,0.03958252866924356,0.01313132147796846,-0.07486802466097277,-0.09098663148385495,-0.10928388158098949,-0.13066282826960196,-0.17679821507503482,0.06272432945908572,0.17979015156569622,0.023684161855495343,0.1798356800412154,-0.17663264626878367,-0.06397044385807883,0.13734387219916272,-0.2336932619750013,0.06292093856233767,-0.21422961747283875,-0.06814682886795925,0.2686341106761484,-0.08660090170553998,1.0,0.2542334308682102,0.1251012429356252,-0.08912625854153275,-0.15345299037329385,-0.1152868251422799,-0.041200215679153246,0.11563146574793438,0.06304382704555392,-0.009088344159579393
116,-0.03315131169308929,0.12026224060229797,0.13634589172553382,-0.1590753787139845,0.09020144437858328,-0.21416423000588827,-0.17090169790264967,-0.108214681383524,-0.058068991225328735,0.015184056484154494,0.05772388757853177,0.036454258905327844,0.429042208933402,-0.08951647310828624,0.02861025655887115,0.12669715668200324,-0.12694376923589504,-0.11005733964625683,0.09226497955639637,0.14073965469748742,-0.13206604551843276,0.16105771132988395,-0.07317045043539692,-0.10216350838326954,-0.2203334418938561,0.008505819905548205,-0.06802490639898995,-0.32261204503408397,-0.07683969261089131,0.028051179490353958,-0.04915073693659676,-0.1919698733437945,-0.08888515143337611,0.26731232307667596,-0.24010028730819183,0.20370952301421244,0.04865395948072463,-0.31696863863401464,-0.15255506967521984,-0.15716282872270876,0.12891808819885028,-0.06481758178192235,0.08265481005633621,-0.11070882834316188,0.026904058816285433,0.1659943896589009,-0.037742142117365,-0.17791004630105808,0.16275007761154311,-0.048051264619364105,-0.18084825101585975,-0.2976967923065507,-0.03812271132845104,-0.08659078520508114,-0.09064972925476213,-0.21099018276739506,0.07829514142628335,-0.039558841108165405,0.0291242783676706,-0.274440175001292,0.11121936759631565,0.03956803871819476,-0.055799434440787166,-0.20734313881867264,0.14407256540166538,0.0877885370565414,0.09630999006487949,0.013624707052536968,-0.2202036307897525,0.012803696136673131,0.07923008611023016,-0.09598922359695103,0.24323622393746658,-0.1576050314074863,0.14252123896949057,0.21403265965279503,-0.08857456338724858,0.2542334308682102,0.9999999999999996,-0.06950636187781431,0.13788050756192885,0.15956131519123007,0.038898597225880016,-0.08297641646725219,-0.033609226758091235,0.10958989970855502,0.18280530967822586
117,0.0028842348075677165,-0.19319027577568268,-0.1849213956504944,-0.005700713530399031,-0.1139918408880036,-0.03100737168212517,0.15144549621992837,0.021548418916713323,-0.21423176491708418,-0.2146568561204577,-0.21709412033124834,0.017401733730057697,0.17180624309503337,0.1625227098723084,-0.08936694915096288,-0.06309677367281888,0.06438796002334532,0.07674253492532945,-0.17397347801754443,-0.21401616520094116,-0.016046042684664027,-0.12918353443353922,0.058771086964887316,0.12105018841166594,-0.023021666626222,-0.0299941380622273,0.3824942919493356,0.04520884920667678,-0.06940015530765782,-0.04467244733804696,0.07589960283236158,0.08355035329090704,0.05794897000540193,-0.18979320210238151,-0.032367645816551896,0.20251750089292814,0.12132855478950925,0.016534915308209434,0.1493883080104747,-0.13154662474079254,-0.17131327600215354,-0.052258552477910766,-0.004066120784674876,-0.10115212694281941,0.09494417942400957,-0.049592568403032534,-0.18602952031989192,0.1478401301706372,0.2110306959150661,-0.3113398758943259,-0.3872878318391588,-0.033723436024531414,0.15552171612307658,0.121435614601015,0.23681960130587726,-0.17141287242498843,0.06547720912996631,-0.16959933230312182,-0.2316022128978473,-0.1802278763113319,0.19845624202878756,-0.3565093572709779,-0.14000358763830503,0.1459385389823468,0.032962386196403216,-0.009479696374331546,0.18459757524129267,0.06548413674610223,-0.15616179442354208,-0.21197347496332095,-0.03258252032519141,-0.08940538954223534,-0.13126653777899824,-0.26186657669305735,-0.17948743065337838,-0.03268966514911394,-0.020398444368025362,0.1251012429356252,-0.06950636187781431,0.9999999999999999,0.24887905138961433,0.027437668019828054,-0.04484923105977172,-0.04405932140859262,-0.035866980919976456,0.07722655510536564,0.026166657294548114
118,-0.2960113585226025,0.11216927979489458,-0.23014567635970057,-0.20618749101420983,0.010034323556084641,0.05616953455862938,-0.06817305964638933,0.03077584144893394,-0.12857198049951407,-0.10050522114439507,-0.0008899167757241526,-0.12981297763917457,0.16674301970072794,0.024913715252611997,-0.13542741412766784,-0.06481538098940605,0.10465736418600753,0.11005160819067863,-0.11319692083538906,-0.1209001856212267,0.06337642718641129,-0.19313310924169502,-0.033881471450151426,0.00828659748946893,0.04442836851624437,-0.24349429153127206,0.0416442204672451,-0.1575809584074109,-0.2381591323194244,-0.19842714482663673,-0.06912454940412678,0.21249045339498746,0.24705390891292495,-0.009190328552826005,-0.038903179058670585,0.28366629519557307,-0.03317543225376943,-0.009358043598541158,0.15333441156387084,0.21559706781087373,0.23876058941765044,-0.05132012597597997,-0.13223418365886483,-0.05829036154048053,0.21044999043870702,-0.09906994413867827,-0.19330107601155774,-0.1695139760692432,0.17246748491111574,0.008868990851658529,-0.26954315121203665,0.13343326091740795,-0.11138292083521445,0.10372788010073894,0.10695655001290949,-0.09975515027014487,0.02166740281354819,-0.24279238355837604,-0.013335466110897963,0.15206608211677528,-0.05679359534853083,-0.3008362334390102,-0.11844780769047776,0.0054027112333789205,-0.11298571519502447,0.07127849716106624,0.20023235537249917,-0.04303338076661369,0.02627171277201327,-0.22574487063740006,-0.04898474620649031,0.06051114504742818,0.16668512964145288,-0.3313778696263549,-0.0578671051202945,-0.1927105965774434,-0.1429034010624902,-0.08912625854153275,0.13788050756192885,0.24887905138961433,1.0000000000000007,0.06479472865820987,0.21122833724458148,-0.0399529394330297,-0.12045851373852791,-0.1767935939339981,0.13259376791582173
119,-0.010009625962641376,0.05812403868837145,-0.16559669752872963,0.12444122455816461,0.06585044709940424,0.16928117880650137,-0.25997769190137354,-0.23255588012608036,0.08058802203912464,-0.17401548910808784,0.008380905702354217,-0.12553643072694173,-0.1828324283744314,0.0005334660030001381,-0.0010695294702452451,-0.04027926157895095,-0.09731570624515587,0.11423323012850438,-0.09674913308158711,-0.0711493641591841,0.1688583985857331,0.20108449640559217,0.2914976664876447,-0.07801916194278857,-0.1387265431137128,-0.012741670223543295,0.039896264832144646,-0.31276759891943495,-0.028148217796533353,-0.03661409335197543,-0.21810246856588245,0.004088374610380979,-0.22097773414641259,-0.10585180837870914,-0.3313667234300338,0.11103918659117135,0.02621806510063046,-0.281169762576676,0.10220658622642592,-0.08072939896807785,0.09709671466166668,0.10252147657768174,-0.11492712484339161,-0.07453053094726073,0.07984054977708695,-0.37049726150523343,-0.10377895060665712,-0.25487737784020814,0.1504968451781553,-0.07501075726391992,-0.12427425822693612,-0.013943813398663393,-0.10621599820850705,-0.1776261342378291,0.010737467212118466,-0.17582669519821606,-0.005509144323588139,-0.20010569304616518,0.4064243365004584,-0.11507404676606889,-0.033998203111473356,0.06891118584970055,-0.10185259907545148,-0.10394662086094296,0.09448376257106403,0.3766238021823517,0.17546572250421155,-0.018631654429373305,-0.28364596362544214,-0.09556127725501716,-0.07133321324022812,0.2811383957332432,0.2214969401798591,-0.08513800193398981,0.2851535619839851,-0.09724937014930524,-0.11673667533855546,-0.15345299037329385,0.15956131519123007,0.027437668019828054,0.06479472865820987,1.0,0.10355135602943451,-0.26055453315289395,0.2709823292893209,0.34637727549944713,0.30777218156395003
120,-0.2062881054678019,0.10558581482402724,0.061047340020348416,-0.006888178031789233,-0.11051242569142511,-0.06466292460246358,0.030227972887228782,-0.011500674003894512,-0.0043118108192689575,-0.1934506343928377,-0.14708865712834818,-0.07702541747560476,0.014086023535188466,0.05198389050244333,0.1746866452023509,-0.22004272248820578,-0.050974903051079705,-0.11016433478791952,-0.11536703380238716,-0.055385335461335505,0.2267715083749181,-0.07412482257043232,0.035542367633056626,-0.1286061189368179,0.09504672414470045,0.09733629258721564,0.28268751894330574,-0.13900103287175297,-0.08550034791467863,0.11701755231424008,-0.29497570621334296,-0.0652798194070425,-0.11214030719248423,0.05888629116138725,-0.013896762361635458,-0.2005516768382269,0.08979656533119126,-0.1619183124072485,-0.012262818857114388,0.23379681406233974,0.07277419172097156,0.03823747201562944,0.12087173718944019,-0.02233642238706704,-0.20756924421473777,-0.15567501227249822,0.030663096747528623,-0.07797570143113228,0.23586688442603126,-0.15587192923456067,-0.05536076359732501,0.0937895787506169,0.04397664244939902,-0.21579251756258677,-0.19010850526409298,-0.2645008965891795,0.14603531144377405,-0.17562864046232146,-0.025170910614540843,0.09016002035049951,-0.015005895486422447,0.03852495401507484,-0.2000458376658598,-0.23407488345118752,0.0029304335595463325,-0.042981947672751854,0.08588382217512225,-0.1347288411488732,-0.31693468321817625,-0.15012522838018788,0.15677659812024608,0.2299574246754723,-0.08322943496583951,0.007151934878548899,0.0803478516504794,-0.06220094204710522,-0.12935362275793033,-0.1152868251422799,0.038898597225880016,-0.04484923105977172,0.21122833724458148,0.10355135602943451,1.0,-0.06263651712763797,0.14038196653432142,0.12617829622257246,-0.0597423496748237
121,0.3432904881137212,0.20323646726056432,0.17189485164932955,-0.1974352450541214,-0.09204565115096441,-0.0942529121661485,-0.2586208218553804,0.3603132634338415,-0.06389743681529816,-0.10976436504943271,-0.14750054506527896,0.5022154326486621,0.11094447586135843,-0.1976537315424096,-0.19512163293773105,0.08243946854416292,0.2528752951726876,0.003652910897107401,-0.13689300877283303,0.16976545284891414,-0.22526572060053296,0.046303731557718275,-0.0027083647683040155,-0.11129642457293062,-0.04475219813264925,-0.03409175689697917,-0.18356524285310244,-0.17112054734230828,0.04564835574026151,0.06438085890756069,-0.12387207912853207,0.006212287794574107,0.06861347589409877,0.1591858168976699,-0.1703962845158575,-0.011889501617003794,0.06019869762576325,-0.022059548302246726,-0.19411301283699273,0.10099013265631587,0.006461824709459302,-0.09238586706007362,-0.011015195894632394,0.1886595952125761,0.15192368165083475,0.20798149697305437,0.19554033938853108,0.010186084351523184,-0.2664695900761933,0.10819140884833442,0.032019258589009135,-0.21018209536921564,0.0728927938666468,-0.13597953045705577,0.15180565105437877,-0.028892749120463457,-0.173310716954639,0.09554445158275791,-0.1696405650582192,0.20412462605004553,-0.1951441833172631,0.11076626895796902,-0.09933501439941748,0.10502104775089022,-0.07354804032303089,-0.10486419810162717,-0.3406608512594093,-0.08207773591953917,0.10171745133477789,0.01715060741023484,0.14669586835219398,-0.06062748851801307,-0.08879684044023747,-0.0639012482975036,-0.2565497551943395,0.23338068295615877,0.059791675265599996,-0.041200215679153246,-0.08297641646725219,-0.04405932140859262,-0.0399529394330297,-0.26055453315289395,-0.06263651712763797,1.0000000000000002,-0.1072667410716014,-0.0835330408633698,0.28314763426871387
123,0.026814505538951844,0.342405670987574,-0.12401068169100357,0.15041380048886172,0.00011790103362810389,0.002315505268304624,0.16967438191394352,-0.04380098041653538,-0.13493140770709164,0.13143318864703163,0.16310077099527173,-0.038888594478185615,-0.14452877267050207,-0.24302386987035085,0.2131771254993799,-0.2881235809271554,-0.3230169558912752,0.07219874288397343,-0.23431335366324996,-0.02310447751703997,0.26115813965295337,-0.15343797121718872,0.1789515941036145,-0.15905448262167593,0.07663081112218263,0.2785433254204169,0.06515696340866817,-0.2168615593200445,-0.21351418995062818,-0.10740706813287279,0.006948248275600086,-0.1469385890456199,-0.36918819159724847,-0.04423524004003312,-0.10352579778288001,-0.018159213001968218,0.17990664362739278,-0.3798511856986111,-0.00901784313260448,0.03535075538455551,-0.08235137250313504,0.31626148308054947,-0.21962420821825696,0.058594075889207765,0.24636197217948858,-0.1109175738330993,0.005590243665103745,-0.038430689017607794,0.08077712901209906,-0.07084145459933577,-0.03934646558081189,0.008539168377752308,-0.28506711639071297,0.09585355529401227,-0.29898389291600996,0.0042224327572422116,-0.008925100937803089,-0.02379633918757918,0.20384971933754484,0.04389429373147547,-0.2957354766379564,-0.05094958748182782,-0.06328482700822397,-0.21297814561580816,0.032577837222896755,0.33096015446447846,0.07419797930095576,0.04048423698505389,-0.31596998315466984,-0.18170642930869296,0.17054348580770828,0.2922499302063222,-0.15423942037732086,-0.02025422788029442,-0.09976842248298903,0.011978107704552664,-0.10903596948584457,0.11563146574793438,-0.033609226758091235,-0.035866980919976456,-0.12045851373852791,0.2709823292893209,0.14038196653432142,-0.1072667410716014,1.0,0.1635084112410334,-0.028720846825897466
125,0.12080900238556005,-0.21821726280468584,0.059396974763598204,0.16530202775875036,-0.18781662113663933,0.13071902229921578,0.004056560096499545,-0.20801478926731845,-0.0392019577026276,0.0017544235124227828,-0.23982190550735655,0.13099424207096094,0.052279148742075565,0.006180294085731508,0.032971196204622404,0.08988968382538395,-0.019644579163722586,0.21730510221342988,0.12790367052369495,-0.03640131388315594,0.17070110492864157,0.1315936200576064,0.09740646169943569,-0.16232439244524885,-0.14997579010617185,0.10059921832855419,-0.05932944336642495,-0.172283747220404,-0.1655381207906994,-0.13404158006376318,-0.06928894490846216,-0.10458910105477058,-0.2684437493221107,-0.0358557158628043,-0.25837976860076894,0.11365999402964387,-0.00018137633627754446,-0.14397422415612388,-0.008075676684273484,-0.2338259519299028,-0.05769528240883011,-0.03194051038055948,-0.0477908214183556,-0.0010732888171611828,-0.11771148584934113,-0.07593007859470477,-0.27149349799591493,-0.18233858664258876,-0.008079705053297338,-0.10435551879382839,-0.10013292078937064,0.12470526471650706,-0.06463951561569213,-0.11074515632067428,-0.001713867984067835,-0.14940735409589442,-0.15790702816174054,-0.15581791172839543,0.14657762222717055,-0.15926664882626979,0.15635144820739993,-0.055057860046395506,-0.21928617796794803,-0.12901465766877335,0.06229451219287791,0.13111524925449056,0.011687534575040001,0.10574078393545788,-0.16936308464066063,-0.16905703954619872,-0.1821563183769459,0.037823030079811346,-0.027538107569115747,-0.14795537849395213,0.3142474996112782,0.08122144222079247,0.055000009286637154,0.06304382704555392,0.10958989970855502,0.07722655510536564,-0.1767935939339981,0.34637727549944713,0.12617829622257246,-0.0835330408633698,0.1635084112410334,0.9999999999999997,0.14267934355305661
126,0.21859781874749395,0.015667777345013484,-0.023875383217053785,-0.1498542119621254,-0.2843449160196038,0.06857054319245189,-0.28506807938964857,-0.004742164287067981,0.09055013163004569,-0.02931303575812659,0.014909879217556307,0.29347828604251214,0.0944371351942985,0.013190178006113745,-0.23272361241950879,-0.034581204325997164,0.1462534011944705,0.09906964673041602,-0.14766894419624182,-0.08291443754589307,0.08267872803513258,0.2026724804100667,0.12247725892999475,0.117175282975682,-0.2605699217558434,-0.15230919336151255,-0.09504488088651482,-0.3751191371980444,-0.3149106877129168,-0.1282592055991329,-0.2237813636794847,-0.08566552043633342,-0.07789003032290084,0.17252586775044668,-0.46002519216185117,0.13433783964200113,0.27473861754573414,-0.2637810661345001,0.09726221811431973,-0.004231163356229806,0.08856065528471077,-0.1848135812428131,-0.2938508877281766,-0.13503266914166878,0.1510728815439938,-0.06329000125031689,0.047406182163735926,-0.3253854396379606,0.17676059965046906,0.25878027192022485,-0.05676636440389736,-0.008972982622262968,-0.08079326026971986,-0.05620234310759401,0.12421587515699392,-0.19016624782966893,-0.04929767952507479,-0.2836619910372731,0.20960665994434172,0.12224270801704905,-0.30335924823321386,0.010876547307663697,-0.3750352386661104,-0.05270051895534264,-0.11654030918178351,0.21020766526815654,-0.010975962325719835,-0.019894154257013377,-0.0931365549703985,-0.057303240294543124,0.08005372104972512,0.2769549151317454,0.14250711647477768,-0.33427487809233514,0.25133343543198616,0.08747627992129549,-0.1911784992336591,-0.009088344159579393,0.18280530967822586,0.026166657294548114,0.13259376791582173,0.30777218156395003,-0.0597423496748237,0.28314763426871387,-0.028720846825897466,0.14267934355305661,0.9999999999999998
